ObjectID,Year,Date,Time,Date and Time,number_obs,Observer(s),Wetland Number,Days Since Rain,Maximum Depth (m),Sky Code,Water Clarity,Total Search Time (minutes),Species 1,Species 1 Number of Egg Masses,Species 2,Species 2 Number of Egg Masses,Species 3,Species 3 Number of Egg Masses,Species 4,Species 4 Number of Egg Masses,Species 5,Species 5 Number of Egg Masses,Species Calling,Notes
1,2023,1/13/23,NA,NA,1,lls,15,1,0,0,NA,5:00,0,,,,,,,,,,Nothing_heard_calling,"No standing water, but mucky at staff gauge; pig damage"
2,2023,1/13/23,NA,NA,1,lls,46,1,0.4,0,NA,15:00,0,,,,,,,,,,Nothing_heard_calling,"Water around staff gauge, easy to search, no eggs"
3,2023,1/13/23,NA,NA,1,lls,47,1,0,0,NA,0:00,0,,,,,,,,,,Nothing_heard_calling,"Wetland dry, has been mulched, photos taken"
4,2023,1/13/23,NA,NA,1,lls,48,1,0,0,NA,0:00,0,,,,,,,,,,Nothing_heard_calling,"Wetland dry, photos taken, this wetland is worth dipnetting although it is embedded in fields there is some wiregrass adjacent."
5,2023,1/13/23,NA,NA,1,lls,49,1,NA,0,3,5:00,0,,,,,,,,,,Nothing_heard_calling,"No staff gauge, water ~1m deep in center, very turbid but I was able to search the margins thoroughly no egg masses present."
6,2023,1/13/23,NA,NA,1,lls,50,1,0,0,NA,0:00,0,,,,,,,,,,Nothing_heard_calling,No standing water; wetland was mulched
7,2023,1/13/23,NA,NA,1,lls,51,1,0.3,0,0,15:00,0,,,,,,,,,,Nothing_heard_calling,Very shallow and clear water. I was able to search thoroughly; photo taken
8,2023,1/13/23,NA,NA,1,lls,53,1,0.2,0,0,15:00,0,,,,,,,,,,Nothing_heard_calling,Water only around staff gauge. very clear and I was able to search thoroughly
9,2023,1/13/23,NA,NA,1,lls,55,1,0.3,0,0,15:00,0,,,,,,,,,,Nothing_heard_calling,"Searched thoroughly, clear water but too shallow.  Only one edge of the wetland was mulched likely because the wetland was too mucky at the time."
10,2023,1/15/23,NA,NA,1,lls,41,3,0,0,NA,0:00,0,,,,,,,,,,Nothing_heard_calling,"Wetland very dry, no ARD here"
11,2023,1/15/23,NA,NA,1,lls,40,3,0,0,NA,0:00,0,,,,,,,,,,Nothing_heard_calling,"Wetland dry, needs myrtle holly removed, see photo"
12,2023,1/15/23,NA,NA,1,lls,39,3,0,0,NA,0:00,0,,,,,,,,,,Nothing_heard_calling,"Wetland dry, has some pvc wells and a tipping rain gauge, photo taken"
13,2023,1/15/23,NA,NA,1,lls,42,3,0.45,0,NA,15:00,0,,,,,,,,,,Nothing_heard_calling,"water at staff gauge; maidencane not inundated yet. Photos taken of staff gauge area x2, hog sign"
14,2023,1/15/23,NA,NA,1,lls,37,3,0,0,NA,15:00,0,,,,,,,,,,Nothing_heard_calling,No water at staff gauge but there is water at deepest part near pvc well. Photo taken on water and ice! Silt in water.
15,2023,1/23/23,NA,NA,1,"lls, jmh",15,1,0,0,NA,3:00,0,,,,,,,,,,Nothing_heard_calling,Pool of water west of staff gauge searched by 1 person for 3 min
16,2023,1/23/23,NA,NA,2,"lls, jmh",53,1,0.28,0,NA,3:30,0,,,,,,,,,,Nothing_heard_calling,NA
17,2023,1/23/23,NA,NA,2,"lls, jmh",51,1,0.4,0,NA,17:00,0,,,,,,,,,,Pseudacris_ornata,Water at staff gauge and 3 separate pools searched; Psorn (1 individual) calling
18,2023,1/23/23,NA,NA,2,"lls, jmh",42,1,0.39,0,NA,12:00,0,,,,,,,,,,Nothing_heard_calling,NA
19,2023,1/23/23,NA,NA,2,"lls, jmh",46,1,0.46,0,NA,5:30,0,,,,,,,,,,Nothing_heard_calling,NA
20,2023,1/23/23,NA,NA,2,"lls, jmh",49,1,NA,0,3,8:40,0,,,,,,,,,,Nothing_heard_calling,"Depth around 0.3 m, water very turbid, one large leopard frog tadpole at surface (Photos taken)"
21,2023,1/23/23,NA,NA,1,"lls, jmh",50,1,0.38,0,NA,2:50,0,,,,,,,,,,Nothing_heard_calling,NA
22,2023,1/23/23,NA,NA,2,"lls, jmh",55,1,0.33,0,NA,13:50,0,,,,,,,,,,Nothing_heard_calling,NA
23,2023,1/27/23,NA,NA,1,lls,15,2,0,0,NA,5:00,0,,,,,,,,,,Nothing_heard_calling,"water 0.3 m deep in pool adjacent to staff gauge, "
24,2023,1/27/23,NA,NA,1,lls,53,2,0.38,0,NA,10:10,0,,,,,,,,,,Nothing_heard_calling,"water is up into emergent vegetation, dead or cold-stunned crayfish"
25,2023,1/27/23,NA,NA,1,lls,51,2,0.5,1,NA,13:20,0,,,,,,,,,,"Rana_sphenocephalus, Pseudacris_nigrita","searched at staff gauge and 4 pools, Psnig and Rasph calling"
26,2023,1/27/23,NA,NA,1,lls,42,2,0.42,1,NA,9:10,0,,,,,,,,,,Nothing_heard_calling,mosquito fish present
27,2023,1/27/23,NA,NA,1,lls,46,2,0.68,0,NA,15:00,0,,,,,,,,,,Rana_sphenocephalus,Rasph calling
28,2023,1/27/23,NA,NA,1,lls,49,2,NA,0,3,5:20,0,,,,,,,,,,Nothing_heard_calling,Water turbid
29,2023,1/27/23,NA,NA,1,lls,50,2,0.56,0,NA,3:58,0,,,,,,,,,,Nothing_heard_calling,NA
30,2023,1/27/23,NA,NA,1,lls,55,2,0.4,0,NA,NA,0,,,,,,,,,,Pseudacris_ornata,"4-5 Psorn calling, large banded water snake basking on vegetation"
31,2023,1/31/23,NA,NA,2,"lls, jmh",15,1,0,2,NA,4:50,Rana Sphenocephala,1,,,,,,,,,Nothing_heard_calling,"Water is pooled west of the staff gauge, 1 Lisph mass detected in 15 cm water, Many small masses (Pseudacris?) detected. Aquatic inverts present"
32,2023,1/31/23,NA,NA,2,"lls, jmh",53,1,0.39,2,NA,20:50,Genus Pseudacris,1,Genus Ambystoma,1,,,,,,,"Rana_sphenocephalus,Pseudacris_ornata","Numerous small egg masses (Pseudacris obs, possible ambystomatid egg masses, Psorn and Rasph heard calling as we approached"
33,2023,1/31/23,NA,NA,2,"lls, jmh",42,1,0.42,2,3,18:50,Rana Sphenocephala,3,,,,,,,,,Nothing_heard_calling,"3 Rasph egg masses at water depth 15, 12.5, and 6 cm. Water slightly turbid, caught an adult female Rasph"
34,2023,1/31/23,NA,NA,2,"lls, jmh",51,1,0.52,2,NA,27:50:00,Rana Sphenocephala,2,Genus Ambystoma,1,Genus Pseudacris,1,,,,,"Pseudacris_feriarum, Pseudacris_ornata,Pseudacris_nigrita","Psnig, Psorn, Psfer calling, Rasph masses at water depth 15 and 19 cm, small egg masses, Pssp, and possible ambystomatid detected. We searched the wetland edge and 3 inundated pools."
35,2023,2/2/23,NA,NA,1,lls,51,3,0.54,2,NA,18:00,0,,,,,,,,,,"Rana_sphenocephalus, Pseudacris_nigrita",Main wetland now merged with separate pool to the north; Psnig and Rasph calling; Psuedacris egg masses hatched since Tuesday
36,2023,2/2/23,NA,NA,1,lls,53,3,0.38,2,NA,16:25,0,,,,,,,,,,"Rana_capito,Pseudacris_nigrita","Calling sp incuded Psnig, and 1 Racap (!) on east side of staff gauge; water level has dropped noticably since Tuesday."
37,2023,2/2/23,NA,NA,1,lls,42,3,0.4,2,NA,16:00,0,,,,,,,,,,Nothing_heard_calling,water levels have dropped since Tuesday and lots of oxidation (oily patches and bubbles) apparent
38,2023,2/2/23,NA,NA,1,jmh,50,3,0.55,2,NA,14:30,Genus Pseudacris,1,,,,,,,,,Nothing_heard_calling,"many Pseudacris egg masses, no frogs calling"
39,2023,2/2/23,NA,NA,1,jmh,55,3,0.39,2,NA,23:55,Genus Pseudacris,1,,,,,,,,,Nothing_heard_calling,"many Pseudacris egg masses, no frogs calling, water muddies quickly decreasing water visibility"
40,2023,2/2/23,NA,NA,1,jmh,49,3,1,2,NA,11:36,0,,,,,,,,,,Nothing_heard_calling,"lots of small black snails on maidencane, 2 mergansers spooked off pond, water muddy with very low visibility, no frogs calling"
41,2023,2/2/23,NA,NA,1,jmh,46,3,0.69,2,NA,18:45,Rana Sphenocephala,1,,,,,,,,,Pseudacris_nigrita,"RASPH egg mass at 26cm( took photo), psnig calling"
42,2023,2/2/23,NA,NA,1,jmh,15,3,0,2,NA,3:08,0,,,,,,,,,,Nothing_heard_calling,"previously documented RASPH still intact, pool near staff gauge drying up quickly"
43,2023,2/7/23,NA,NA,2,"mnz, jmh",49,4,1,0,3,6:02,0,,,,,,,,,,Nothing_heard_calling,"no frogs calling; water very muddy, visibility low"
44,2023,2/7/23,NA,NA,2,"mnz, jmh",50,4,0.53,0,0,12:13,Rana Sphenocephala,1,Genus Pseudacris,1,,,,,,,Nothing_heard_calling,"3 RASPH egg masses at 4.0cm, 53.0cm, 53.0cm, unknown pseudacris, no frogs calling"
45,2023,2/7/23,NA,NA,2,"mnz, jmh",55,4,0.38,0,0,10:29,0,,,,,,,,,,Nothing_heard_calling,no frogs calling
46,2023,2/7/23,NA,NA,2,"mnz, jmh",46,4,0.66,0,0,4:23,0,,,,,,,,,,Nothing_heard_calling,no frogs calling
47,2023,2/7/23,NA,NA,2,"mnz, jmh",42,4,0.38,0,0,2:32,0,,,,,,,,,,Nothing_heard_calling,no frogs calling
48,2023,2/7/23,NA,NA,2,"mnz, jmh",53,4,0.35,0,0,11:50,Genus Pseudacris,1,Genus Ambystoma,1,,,,,,,Nothing_heard_calling,"Unknown pseudacris and unknown ambystoma egg masses, no frogs calling"
49,2023,2/7/23,NA,NA,2,"mnz, jmh",51,4,0.54,0,0,15:13,Rana Sphenocephala,1,,,,,,,,,Nothing_heard_calling,"2 RASPH at 9.0cm and 17.0cm, no frogs calling"
50,2023,2/14/23,NA,NA,1,lls,51,3,0.66,0,0,14:55,0,,,,,,,,,,Pseudacris_nigrita,"No egg masses, PSNIG heard calling, LISPH tadpoles, 1 old RASPH egg mass at 0.5cm with fungus"
51,2023,2/14/23,NA,NA,1,lls,42,3,0.42,0,0,6:13,0,,,,,,,,,,Nothing_heard_calling,"no frogs calling, most of the pond was < 6in deep"
52,2023,2/14/23,NA,NA,1,lls,46,3,0.79,0,0,15:34,0,,,,,,,,,,"Pseudacris_nigrita,Pseudacris_ornata","PSNIG, PSORN heard calling. Water present in mulcher tracks but shallow"
53,2023,2/14/23,NA,NA,3,"lls, jmh, mnz",53,3,0.44,0,0,20:38,Pseudacris nigrita,1,,,,,,,,,Pseudacris_nigrita,"PSNIG egg masses, PSNIG heard calling and PSNIG pair observed in amplexus"
54,2023,2/14/23,NA,NA,3,"lls, jmh, mnz",15,3,0,0,0,10:47,Pseudacris nigrita,1,,,,,,,,,Pseudacris_nigrita,PSNIG egg masses and PSNIG heard calling
55,2023,2/14/23,NA,NA,2,"mnz, jmh",50,3,0.67,0,0,14:28,Pseudacris nigrita,1,Rana Sphenocephala,1,,,,,,,Nothing_heard_calling,PSNIG and RASPH egg masses; no frogs calling; 3-4 unknown ranid masses (likely RASPH) observed near staff guage
56,2023,2/14/23,NA,NA,2,"mnz, jmh",55,3,0.44,0,0,20:22,Pseudacris nigrita,1,,,,,,,,,"Pseudacris_nigrita,Rana_sphenocephalus,Acris_gryllus","PSNIG egg masses, PSNIG, ACGRY and RASPH heard calling, 2 NEFAS observed basking"
57,2023,2/14/23,NA,NA,2,"mnz, jmh",49,3,1,0,3,7:41,0,,,,,,,,,,Nothing_heard_calling,"Water muddy with low visibility, 2 Ranid tadpoles observed"
58,2023,2/16/23,NA,NA,2,"mnz, jmh",55,5,0.42,0,0,24:34:00,Pseudacris nigrita,1,,,,,,,,,"Rana_sphenocephalus,Pseudacris_nigrita","PSNIG egg masses, RASPH and PSNIG heard calling, water muddies once start walking lowering visibility"
59,2023,2/16/23,NA,NA,2,"mnz, jmh",50,5,0.66,0,0,11:25,Pseudacris nigrita,1,Rana Sphenocephala,1,,,,,,,Pseudacris_nigrita,"Psnig egg masses, RASPH egg masses observed previously still present, PSNIG heard calling"
60,2023,2/16/23,NA,NA,2,"mnz, jmh",49,5,1,0,3,8:20,0,,,,,,,,,,Nothing_heard_calling,"No egg masses, no frogs calling, water muddy "
61,2023,2/16/23,NA,NA,2,"mnz, jmh",46,5,0.78,0,0,11:05,Rana Sphenocephala,1,,,,,,,,,Pseudacris_nigrita,"1 RASPH egg mass , PSNIG calling"
62,2023,2/16/23,NA,NA,2,"mnz, jmh",53,5,0.42,2,0,24:52:00,Pseudacris nigrita,1,Genus Ambystoma,1,,,,,,,Pseudacris_nigrita,"PSNIG and Ambystoma egg masses, PSNIG heard calling, 1 NEERY observed basking"
63,2023,2/16/23,NA,NA,2,"mnz, jmh",42,5,0.43,2,0,16:08,Pseudacris nigrita,1,Rana Sphenocephala,1,,,,,,,Nothing_heard_calling,"RASPH egg mass at 6.0cm, PSNIG egg masses, 1 NEFAS and 1 ACGRY observed"
64,2023,2/16/23,NA,NA,2,"mnz, jmh",15,5,0,2,0,6:32,Rana Sphenocephala,1,,,,,,,,,Pseudacris_nigrita,"RASPH egg mass at 22.0cm, PSNIG calling"
65,2023,2/16/23,NA,NA,2,"mnz, jmh",51,5,0.66,2,0,27:07:00,Rana Sphenocephala,1,,,,,,,,,"Acris_gryllus,Pseudacris_nigrita","2 RASPH masses observed previously still present, 1 DERET yearling observed"
66,2023,2/21/23,NA,NA,3,"mnz, jmh, jas",55,4,0.4,2,0,29:37:00,Rana Sphenocephala,1,,,,,,,,,Nothing_heard_calling,"1 RASPH egg mass at 10.0cm, unknown ambystoma egg masses, nerodia obs. "
67,2023,2/21/23,NA,NA,3,"mnz, jmh, jas",50,4,0.62,2,0,9:58,Rana Sphenocephala,1,,,,,,,,,Nothing_heard_calling,"1 new RASPH egg mass at 17.5cm, unknown ambystoma egg masses"
68,2023,2/21/23,NA,NA,3,"mnz, jmh, jas",49,4,1,2,3,4:10,0,,,,,,,,,,Nothing_heard_calling,water very muddy
69,2023,2/21/23,NA,NA,3,"mnz, jmh, jas",46,4,0.75,2,0,8:22,Rana Sphenocephala,1,,,,,,,,,Nothing_heard_calling,RASPH egg mass observed at 20.0cm
70,2023,2/21/23,NA,NA,3,"mnz, jmh, jas",42,4,0.42,2,0,16:12,Rana Sphenocephala,2,,,,,,,,,Nothing_heard_calling,2 RASPH egg mass observed at 8.0cm. Unknown ambystoma egg masses. ACGRY observed.
71,2023,2/21/23,NA,NA,4,"mnz, jmh, jas, lls",15,4,0,2,0,3:00,0,,,,,,,,,,Nothing_heard_calling,Water only a few inches deep and impounded in ~15ft diameter circle
72,2023,2/21/23,NA,NA,4,"mnz, jmh, jas, lls",53,4,0.4,2,0,16:26,Genus Ambystoma,1,Pseudacris nigrita,1,,,,,,,Nothing_heard_calling,FARBA observed. Salamander and pseudacris egg masses
73,2023,2/21/23,NA,NA,4,"mnz, jmh, jas, lls",51,4,0.64,2,0,19:12,0,,,,,,,,,,Pseudacris_nigrita,"PSNIG calling. Salamander larva, AGRY + PSORN tadpoles observed"
74,2023,2/23/23,NA,NA,3,"mnz, jmh, lls",53,6,0.39,2,0,17:03,Genus Ambystoma,1,,,,,,,,,Nothing_heard_calling,Salamander larva and egg mass observed
75,2023,2/23/23,NA,NA,3,"mnz, jmh, lls",15,6,0,2,0,4:55,0,,,,,,,,,,Nothing_heard_calling,"PSORN, PSNIG, RANID tadpoles. Water dropped to ~10 ft diameter circle"
76,2023,2/23/23,NA,NA,3,"mnz, jmh, lls",42,6,0.4,2,0,12:18,Genus Ambystoma,1,,,,,,,,,Nothing_heard_calling,Salamander egg mass and 2 Nerodia observed
77,2023,2/23/23,NA,NA,3,"mnz, jmh, lls",51,6,0.66,2,0,19:27,Rana Sphenocephala,1,Pseudacris nigrita,1,,,,,,,Pseudacris_nigrita,"RASPH and PSNIG egg masses observed. PSNIG calling. KISUB observed. PSORN, PSNIG, Ranid tadpoles obeserved. "
78,2023,2/24/23,NA,NA,2,"mnz, jmh",46,7,0.73,1,0,11:27,0,,,,,,,,,,Nothing_heard_calling,"No egg masses, no frogs calling, water clear."
79,2023,2/24/23,NA,NA,2,"mnz, jmh",49,7,1,2,3,14:50,Rana Sphenocephala,1,,,,,,,,,Hyla_femoralis,Unknown Ranid egg mass. Possible HYFEM calling. 1 NEFAS observed. Water muddy
80,2023,2/24/23,NA,NA,2,"mnz, jmh",50,7,0.6,2,0,10:46,0,,,,,,,,,,Nothing_heard_calling,"No egg masses, no frogs calling, water clear."
81,2023,2/24/23,NA,NA,2,"mnz, jmh",55,7,0.39,1,0,24:35:00,Rana Sphenocephala,1,,,,,,,,,Acris_gryllus,RASPH egg mass observed at 4.0cm. 2 NEFAS observed. ACGRY calling.
82,2023,2/28/23,NA,NA,2,"lls, jas",55,11,0.37,1,0,20:26,0,,,,,,,,,,Nothing_heard_calling,PSSP and RASPH tadpoles observed
83,2023,2/28/23,NA,NA,2,"lls, jas",50,11,0.46,1,0,12:55,0,,,,,,,,,,Nothing_heard_calling,"No egg masses, no frogs calling, water clear."
84,2023,2/28/23,NA,NA,2,"lls, jas",49,11,NA,1,3,12:01,0,,,,,,,,,,Nothing_heard_calling,Turtle (no ID observed). Water muddy with low visibility
85,2023,2/28/23,NA,NA,2,"lls, jas",46,11,0.69,1,0,13:46,0,,,,,,,,,,Nothing_heard_calling,ACGRY calling. PSSP tadpoles observed
86,2023,2/28/23,NA,NA,3,"mnz, jmh, jra",53,11,0.34,0,0,13:54,0,,,,,,,,,,Nothing_heard_calling,"No egg masses, no frogs calling, water clear."
87,2023,2/28/23,NA,NA,3,"mnz, jmh, jra",15,11,0,3,0,1:00,0,,,,,,,,,,Nothing_heard_calling,Smoke from prescribed burn. Water very low. Diameter ~0.5m and only a few inches deep
88,2023,2/28/23,NA,NA,3,"mnz, jmh, jra",51,11,0.64,0,0,16:04,0,,,,,,,,,,Nothing_heard_calling,Pollen on water surface reduced visibility
89,2023,2/28/23,NA,NA,3,"mnz, jmh, jra",42,11,0.39,0,0,6:08,0,,,,,,,,,,Nothing_heard_calling,"No egg masses, no frogs calling, water clear."
90,2023,3/2/23,NA,NA,3,"jas, jra, lls",53,13,0.44,2,0,11:03,0,,,,,,,,,,Nothing_heard_calling,"Pssp tadpoles, AMTIG larvals observed"
91,2023,3/2/23,NA,NA,3,"jas, jra, lls",51,13,0.63,2,3,14:10,0,,,,,,,,,,Nothing_heard_calling,Pssp tadpoles observed
92,2023,3/2/23,NA,NA,3,"jas, jra, lls",55,13,0.36,2,3,11:15,0,,,,,,,,,,Nothing_heard_calling,3 Nerodia observed
93,2023,3/2/23,NA,NA,3,"jas, jra, lls",50,13,0.43,2,0,7:27,0,,,,,,,,,,Nothing_heard_calling,unknown tadpoles observed
94,2023,3/2/23,NA,NA,3,"jas, jra, lls",49,13,1.1,2,3,12:30,0,,,,,,,,,,Nothing_heard_calling,"No egg masses, no frogs calling."
95,2023,3/2/23,NA,NA,3,"jas, jra, lls",46,13,0.67,2,0,6:42,0,,,,,,,,,,Nothing_heard_calling,"No egg masses, no frogs calling."
96,2023,3/2/23,NA,NA,3,"jas, jra, lls",42,13,0.36,2,3,2:36,0,,,,,,,,,,Nothing_heard_calling,Lots of hog damage
97,2023,3/7/23,NA,NA,4,"jas, jmh, jra, mnz",55,18,0.34,2,3,11:34,0,,,,,,,,,,Nothing_heard_calling,Pssp tadpoles and marsh rabbit observed
98,2023,3/7/23,NA,NA,4,"jas, jmh, jra, mnz",50,18,0.44,2,0,2:18,0,,,,,,,,,,Nothing_heard_calling,"PSORN, PSNIG, AMTIG larva observed"
99,2023,3/7/23,NA,NA,1,jas,49,18,1.1,2,3,8:24,0,,,,,,,,,,Nothing_heard_calling,2 small turtles observed
100,2023,3/7/23,NA,NA,1,jas,46,18,0.59,2,0,9:27,0,,,,,,,,,,Nothing_heard_calling,"ACGRY adult, PSORN tadpoles, and unknown Nerodia observed"
101,2023,3/7/23,NA,NA,1,jas,42,18,0.32,0,3,5:32,0,,,,,,,,,,Nothing_heard_calling,Wetland ~15m diameter. Fish observed and juvenile Nerodia.
102,2023,3/7/23,NA,NA,1,jas,53,18,0.28,0,0,14:25,0,,,,,,,,,,Nothing_heard_calling,PSORN tadpoles observed
103,2023,3/7/23,NA,NA,1,jas,51,18,0.6,2,0,20:37,0,,,,,,,,,,Nothing_heard_calling,PSORN and AMTIG larva observed
104,2023,3/9/23,NA,NA,3,"jas, jra, mnz",53,20,0.25,2,0,4:38,0,,,,,,,,,,Nothing_heard_calling,RASPH tadpoles observed
105,2023,3/9/23,NA,NA,3,"jas, jra, mnz",51,20,0.59,2,0,12:15,0,,,,,,,,,,Nothing_heard_calling,"PSORN tadpoles, AMTIG larva, dead hatchling chicken turtle observed"
106,2023,3/9/23,NA,NA,3,"jas, jra, mnz",55,20,0.32,2,3,6:48,0,,,,,,,,,,Nothing_heard_calling,1 unknown tadpole
107,2023,3/9/23,NA,NA,3,"jas, jra, mnz",50,20,0.4,2,0,2:25,0,,,,,,,,,,Nothing_heard_calling,PSNIG and RASPH tadpoles obvserved
108,2023,3/9/23,NA,NA,3,"jas, jra, mnz",49,20,1,2,3,3:39,0,,,,,,,,,,Nothing_heard_calling,"1 unknown hatchling turtle, 1 unknown tadpole observed"
109,2023,3/9/23,NA,NA,3,"jas, jra, mnz",46,20,0.55,2,0,4:47,0,,,,,,,,,,Nothing_heard_calling,"No egg masses, no frogs calling, water clear."
110,2023,3/9/23,NA,NA,3,"jas, jra, mnz",42,20,0.3,2,3,2:20,0,,,,,,,,,,Nothing_heard_calling,1 NEFAS observed
111,2023,3/14/23,NA,NA,3,"jas, jra, mnz",53,2,0.28,0,0,4:25,0,,,,,,,,,,Nothing_heard_calling,"No egg masses, no frogs calling, water clear."
112,2023,3/14/23,NA,NA,3,"jas, jra, mnz",51,2,0.63,0,0,14:08,0,,,,,,,,,,Nothing_heard_calling,"1 hatchling chicken turtle, unknown tadpoles observed"
113,2023,3/14/23,NA,NA,3,"jas, jra, mnz",55,2,0.37,0,3,9:05,0,,,,,,,,,,Nothing_heard_calling,Marsh rabbit observed
114,2023,3/14/23,NA,NA,3,"jas, jra, mnz",50,2,0.47,0,0,4:10,0,,,,,,,,,,Nothing_heard_calling,PSORN and RASPH tadpoles observed
115,2023,3/14/23,NA,NA,3,"jas, jra, mnz",49,2,1.2,0,3,3:30,0,,,,,,,,,,Nothing_heard_calling,"No egg masses, no frogs calling."
116,2023,3/14/23,NA,NA,3,"jas, jra, mnz",46,2,0.65,0,0,2:35,0,,,,,,,,,,Nothing_heard_calling,PSNIG tadpoles observed
117,2023,3/14/23,NA,NA,3,"jas, jra, mnz",42,2,0.36,0,3,4:50,0,,,,,,,,,,Nothing_heard_calling,"small fish, dead juv NEFAS, RASPH tadpoles observed"
118,2023,3/16/23,NA,NA,3,"jas, jra, lls",53,4,0.26,0,0,3:40,0,,,,,,,,,,Nothing_heard_calling,"No egg masses, no frogs calling."
119,2023,3/16/23,NA,NA,3,"jas, jra, lls",51,4,0.62,0,0,12:00,0,,,,,,,,,,Nothing_heard_calling,1 unknown tadpole
120,2023,3/16/23,NA,NA,3,"jas, jra, lls",55,4,0.36,3,1,8:03,0,,,,,,,,,,Nothing_heard_calling,"No egg masses, no frogs calling."
121,2023,3/16/23,NA,NA,3,"jas, jra, lls",50,4,0.46,0,0,1:40,0,,,,,,,,,,Nothing_heard_calling,RASPH and PSSP tadpoles observed
122,2023,3/16/23,NA,NA,3,"jas, jra, lls",49,4,1,0,3,4:04,0,,,,,,,,,,Nothing_heard_calling,PSSP tadpoles observed
123,2023,3/16/23,NA,NA,3,"jas, jra, lls",46,4,0.63,0,0,3:15,0,,,,,,,,,,Nothing_heard_calling,2 unknown tadpoles observed
124,2023,3/16/23,NA,NA,3,"jas, jra, lls",42,4,0.34,0,3,5:45,0,,,,,,,,,,Nothing_heard_calling,RASPH tadpoles
125,2023,3/21/23,NA,NA,3,"jas, jra, mnz",53,4,0.31,0,0,5:35,0,,,,,,,,,,Nothing_heard_calling,"No egg masses, no frogs calling. Cold, frost on vegetation in water"
126,2023,3/21/23,NA,NA,3,"jas, jra, mnz",51,4,0.66,0,0,11:29,0,,,,,,,,,,Nothing_heard_calling,Pssp tadpoles observed
127,2023,3/21/23,NA,NA,3,"jas, jra, mnz",55,4,0.39,0,1,13:45,0,,,,,,,,,,Nothing_heard_calling,"No egg masses, no frogs calling."
128,2023,3/21/23,NA,NA,3,"jas, jra, mnz",50,4,0.56,0,0,4:00,0,,,,,,,,,,Nothing_heard_calling,RASPH and PSORN tadpoles seen
129,2023,3/21/23,NA,NA,3,"jas, jra, mnz",49,4,1.2,0,3,3:50,0,,,,,,,,,,Nothing_heard_calling,"No egg masses, no frogs calling."
130,2023,3/21/23,NA,NA,3,"jas, jra, mnz",46,4,0.74,0,0,5:04,0,,,,,,,,,,Acris_gryllus,small unknown tadpoles
131,2023,3/21/23,NA,NA,3,"jas, jra, mnz",42,4,0.37,0,3,3:10,0,,,,,,,,,,Nothing_heard_calling,"No egg masses, no frogs calling."
132,2023,3/23/23,NA,NA,1,jas,46,6,0.72,3,0,6:53,0,,,,,,,,,,Nothing_heard_calling,"PSNIG, PSORN tadpoles"
133,2023,3/23/23,NA,NA,1,jas,49,6,1.2,3,3,9:31,Rana catesbeiana,1,,,,,,,,,Nothing_heard_calling,1 HUGE egg mass. Free floating. Checked recording and only heard bullfrog. Confirmed RACAT.
134,2023,3/23/23,NA,NA,1,jas,51,6,0.66,3,0,18:21,0,,,,,,,,,,Acris_gryllus,"1 adult NEFAS Larvae of PSORN, RASPH, AMTIG"
135,2023,3/23/23,NA,NA,1,jas,53,6,0.29,3,0,15:02,0,,,,,,,,,,Nothing_heard_calling,2 adult NEFAS
136,2023,3/23/23,NA,NA,1,jas,55,6,0.38,1,3,36:15:00,Rana Sphenocephala,1,,,,,,,,,"Acris_gryllus, Pseudacris_nigrita,Rana_sphenocephalus",1 small RASPH egg mass: 4cm. 3 adult nerodia
137,2023,3/23/23,NA,NA,1,jas,50,6,0.44,0,0,8:32,0,,,,,,,,,,Nothing_heard_calling,"1 adult ACGRY and tadpoles of PSORN, PSNIG, RASPH"
138,2023,3/23/23,NA,NA,1,jas,42,6,0.34,3,3,7:49,0,,,,,,,,,,Nothing_heard_calling,"fish, 1 ACGRY adult, 1 juv NEFAS, RASPH tadpoles"
139,2023,3/29/23,NA,NA,1,jas,51,1,0.72,0,0,31:10:00,0,,,,,,,,,,Pseudacris_nigrita,"1000's of small unknown tadpoles(Bufo?) in north pool, 2 NEFAS, RASPH tadpoles"
140,2023,3/29/23,NA,NA,1,jas,53,1,0.37,2,0,14:06,0,,,,,,,,,,Pseudacris_nigrita,"1 FAABA, PSORN tadpoles with legs"
141,2023,3/29/23,NA,NA,1,jas,55,1,0.45,2,1,28:32:00,0,,,,,,,,,,"Acris_gryllus, Pseudacris_nigrita","4 NEFAS, RASPH tadpoles"
142,2023,3/29/23,NA,NA,1,jas,50,1,0.68,2,0,13:48,0,,,,,,,,,,"Acris_gryllus, Pseudacris_nigrita","1 mud turtle, RASPH and PSORN tadpoles"
143,2023,3/29/23,NA,NA,1,jas,49,1,1.2,2,3,8:40,0,,,,,,,,,,Nothing_heard_calling,"6 NEFAS, 3 unkown turtles, 1 RACAT adult"
144,2023,3/29/23,NA,NA,1,jas,46,1,0.8,2,0,16:29,0,,,,,,,,,,Pseudacris_nigrita,PSORN and RASPH tadpoles observed
145,2023,3/29/23,NA,NA,1,jas,42,1,0.4,2,3,13:26,0,,,,,,,,,,Nothing_heard_calling,"No egg masses, no frogs calling."
146,2023,3/29/23,NA,NA,1,jas,15,1,0.14,2,0,0:56,0,,,,,,,,,,Nothing_heard_calling,"Water not up to staff gauge. ~6ft wide, ~15cm deep"
147,2023,3/30/23,NA,NA,3,"jas, jra, mnz",53,2,0.38,0,0,20:00,0,,,,,,,,,,Nothing_heard_calling,"PSNIG, PSORN, RASPH, AMTIG, EUQUA"
148,2023,3/30/23,NA,NA,3,"jas, jra, mnz",51,2,0.72,0,0,20:00,0,,,,,,,,,,Nothing_heard_calling,"HYGRA, PSNIG, PSORN, RACAT, RASPH, AMTIG, EUQUA, DERET"
149,2023,3/30/23,NA,NA,3,"jas, jra, mnz",55,2,0.44,0,1,20:00,0,,,,,,,,,,"Acris_gryllus, Pseudacris_nigrita,Rana_sphenocephalus","PSNIG, PSORN, RASPH, EUQUA"
150,2023,3/30/23,NA,NA,3,"jas, jra, mnz",50,2,0.68,0,0,20:00,0,,,,,,,,,,"Pseudacris_nigrita,Rana_sphenocephalus","PSNIG, RASPH, PSORN, AMTIG, EUQUA"
151,2023,3/30/23,NA,NA,4,"jas, jra, mnz, lls",49,2,1.2,0,3,20:00,0,,,,,,,,,,Acris_gryllus,">100 mystery tadpoles, PSNIG, RASPH, RACAT, EUQUA"
152,2023,3/30/23,NA,NA,4,"jas, jra, mnz, lls",46,2,0.58,0,0,15:00,0,,,,,,,,,,"Acris_gryllus,Pseudacris_nigrita","PSNIG, PSORN, RASPH, 2 NEFAS, EUQUA"
153,2023,3/30/23,NA,NA,4,"jas, jra, mnz, lls",42,2,0.38,0,1,15:00,0,,,,,,,,,,"Acris_gryllus,Pseudacris_nigrita","RASPH, EUQUA"
154,2023,4/4/23,NA,NA,3,"jas, jra, mnz",15,1,0.42,3,3,1:13,0,,,,,,,,,,Nothing_heard_calling,Water not up to staff gauge.
155,2023,4/4/23,NA,NA,3,"jas, jra, mnz",53,1,0.37,3,0,10:27,0,,,,,,,,,,Nothing_heard_calling,"PSNIG, RASPH tadpoles"
156,2023,4/4/23,NA,NA,3,"jas, jra, mnz",51,1,0.54,3,0,19:01,Rana Sphenocephala,1,,,,,,,,,Nothing_heard_calling,"1000's of Bufo tadpoles, 1 adult NEFAS"
157,2023,4/4/23,NA,NA,3,"jas, jra, mnz",55,1,0.45,3,1,25:19:00,0,,,,,,,,,,Hyla_squirella,1 juvenile NEFAS
158,2023,4/4/23,NA,NA,3,"jas, jra, mnz",50,1,0.69,2,0,6:56,0,,,,,,,,,,Nothing_heard_calling,">500 chimney swifts, 2 ACGRY adults"
159,2023,4/4/23,NA,NA,3,"jas, jra, mnz",49,1,1.05,2,3,4:26,0,,,,,,,,,,Nothing_heard_calling,"1 juvenile NEFAS, 1 sick adult NEFAS"
160,2023,4/4/23,NA,NA,3,"jas, jra, mnz",46,1,0.78,2,0,10:07,0,,,,,,,,,,Acris_gryllus,1 NEFAS
161,2023,4/4/23,NA,NA,3,"jas, jra, mnz",42,1,0.4,2,3,5:30,0,,,,,,,,,,Nothing_heard_calling,"ACGRY adult, 3 NEFAS, small fish"
162,2023,4/6/23,NA,NA,1,jas,15,3,0.15,3,0,1:13,0,,,,,,,,,,Nothing_heard_calling,water level shrinking
163,2023,4/6/23,NA,NA,1,jas,53,3,0.36,0,0,18:25,Anaxyrus terrestris,1,,,,,,,,,Nothing_heard_calling,"1 NEFAS, 1 juvenile ALMIS, 1 ANTER laying eggs (no male?)"
164,2023,4/6/23,NA,NA,1,jas,51,3,0.74,1,0,40:37:00,Gastrophryne carolinensis,3,Genus Ambystoma,1,Rana Sphenocephala,1,,,,,Acris_gryllus,"1 adult ACGRY, 1 NEFAS, 10,000 ANTER tadpoles"
165,2023,4/6/23,NA,NA,1,jas,50,3,0.68,2,0,13:55,0,,,,,,,,,,Acris_gryllus,NA
166,2023,4/6/23,NA,NA,1,jas,55,3,0.45,2,1,31:16:00,0,,,,,,,,,,Acris_gryllus,1 NEFAS
167,2023,4/6/23,NA,NA,1,jas,49,3,1.05,2,3,8:32,0,,,,,,,,,,Nothing_heard_calling,"2 NEFAS, 1 DERET"
168,2023,4/6/23,NA,NA,1,jas,46,3,0.76,2,0,10:29,Anaxyrus terrestris,1,,,,,,,,,Nothing_heard_calling,"3 NEFAS, 1 THSAU"
169,2023,4/6/23,NA,NA,1,jas,42,3,0.4,2,1,16:26,Rana Sphenocephala,1,Anaxyrus terrestris,1,,,,,,,Acris_gryllus,"4 NEFAS, small fish"
170,2023,4/11/23,NA,NA,1,jas,53,3,0.3,1,0,60:00:00,0,,,,,,,,,,Nothing_heard_calling,"ANTER, PSNIG, PSORN, RASPH, AMTIG, EUQUA larvae"
171,2023,4/11/23,NA,NA,3,"jas, jra, mnz",51,3,0.71,2,0,20:00,0,,,,,,,,,,Nothing_heard_calling,"HYGRA, ANTER, PSNIG, PSORN, RASPH, EUQUA larvae"
172,2023,4/11/23,NA,NA,3,"jas, jra, mnz",55,3,0.41,1,1,20:00,Anaxyrus terrestris,1,,,,,,,,,Nothing_heard_calling,"ANTER, PSNIG, RASPH, EUQUA, PSORN larvae"
173,2023,4/11/23,NA,NA,3,"jas, jra, mnz",50,3,0.6,1,0,20:00,0,,,,,,,,,,Nothing_heard_calling,"EUQUA, PSORN, PSNIG, RASPH, AMTIG larvae"
174,2023,4/11/23,NA,NA,3,"jas, jra, mnz",49,3,1,2,3,20:00,0,,,,,,,,,,Nothing_heard_calling,"RACAT, RASPH, ANTER, EUQUA larvae"
175,2023,4/11/23,NA,NA,3,"jas, jra, mnz",46,3,0.69,1,0,20:00,0,,,,,,,,,,Acris_gryllus,"EUQUA, ANTER, PSNIG, RASPH, PSORN tadpoles"
176,2023,4/11/23,NA,NA,3,"jas, jra, mnz",42,3,0.36,1,3,20:00,0,,,,,,,,,,Nothing_heard_calling,"ANTER, RASPH, EUQUA tadpoles"
177,2023,4/13/23,NA,NA,1,jas,53,5,0.27,2,0,10:12,0,,,,,,,,,,Nothing_heard_calling,3 ANTER tadpoles
178,2023,4/13/23,NA,NA,1,jas,42,5,0.33,2,3,4:29,0,,,,,,,,,,Nothing_heard_calling,">50 RASPH, >100 ANTER tadpoles"
179,2023,4/13/23,NA,NA,3,"jas, jra, mnz",46,5,0.64,2,0,3:38,0,,,,,,,,,,Nothing_heard_calling,>1000 ANTER tadpoles
180,2023,4/13/23,NA,NA,3,"jas, jra, mnz",49,5,1,2,3,7:05,0,,,,,,,,,,Nothing_heard_calling,">50 ANTER, 2 RACAT, 2 RASPH tadpoles. 1 sick NEFAS"
181,2023,4/13/23,NA,NA,3,"jas, jra, mnz",50,5,0.48,2,0,4:12,0,,,,,,,,,,Nothing_heard_calling,NA
182,2023,4/13/23,NA,NA,3,"jas, jra, mnz",51,5,0.7,2,0,16:05,0,,,,,,,,,,Nothing_heard_calling,"1 adult ACGRY, >5000 ANTER tadpoles"
183,2023,4/13/23,NA,NA,3,"jas, jra, mnz",55,5,0.41,2,3,10:41,0,,,,,,,,,,Nothing_heard_calling,>1000 ANTER tadpoles
184,2023,4/18/23,NA,NA,1,jas,53,2,0.23,0,0,8:02,0,,,,,,,,,,Nothing_heard_calling,Almost dry
185,2023,4/18/23,NA,NA,1,jas,51,2,0.68,0,0,28:07:00,0,,,,,,,,,,Acris_gryllus,"1 NEFAS, >200 ANTER tadpoles"
186,2023,4/18/23,NA,NA,3,"jas, jra, mnz",55,2,0.38,0,3,9:41,0,,,,,,,,,,Nothing_heard_calling,"1 adult PSFLO, ANTER and RASPH tadpoles"
187,2023,4/18/23,NA,NA,2,"jra, mnz",50,2,0.54,0,0,4:54,0,,,,,,,,,,Nothing_heard_calling,NA
188,2023,4/18/23,NA,NA,3,"jas, jra, mnz",49,2,1,0,3,2:39,0,,,,,,,,,,Nothing_heard_calling,"2 RACAT tadpoles, 2 DERET hatchlings"
189,2023,4/18/23,NA,NA,3,"jas, jra, mnz",46,2,0.56,0,0,3:28,0,,,,,,,,,,Nothing_heard_calling,ANTER tadpoles
190,2023,4/18/23,NA,NA,3,"jas, jra, mnz",42,2,0.3,0,3,3:11,0,,,,,,,,,,Nothing_heard_calling,"ANTER + RASPH tadpoles, 1 NEFAS"
191,2023,4/20/23,NA,NA,1,jas,53,4,0.18,0,0,3:35,0,,,,,,,,,,Nothing_heard_calling,nearly dry
192,2023,4/20/23,NA,NA,1,jas,51,4,0.66,0,0,14:29,0,,,,,,,,,,Nothing_heard_calling,"1 NEFAS, 3 RASPH tadpoles"
193,2023,4/20/23,NA,NA,3,"jas, jra, mnz",55,4,0.36,0,3,8:45,0,,,,,,,,,,Nothing_heard_calling,"1 PSFLO and 1 ANTER tadpoles, 3 crawfish"
194,2023,4/20/23,NA,NA,3,"jas, jra, mnz",50,4,0.49,0,0,2:57,0,,,,,,,,,,Nothing_heard_calling,NA
195,2023,4/20/23,NA,NA,3,"jas, jra, mnz",49,4,1,0,3,2:46,0,,,,,,,,,,Nothing_heard_calling,"4 RACAT tadpoles, 1 DERET"
196,2023,4/20/23,NA,NA,3,"jas, jra, mnz",46,4,0.49,0,0,2:08,0,,,,,,,,,,Nothing_heard_calling,"1 RASPH, >50 ANTER tadpoles"
197,2023,4/20/23,NA,NA,3,"jas, jra, mnz",42,4,0.28,0,3,3:02,0,,,,,,,,,,Nothing_heard_calling,"1 RASPH, >100 ANTER tadpoles. Small fish"
198,2023,4/25/23,NA,NA,1,jas,51,9,0.61,0,0,60:00:00,0,,,,,,,,,,Nothing_heard_calling,"ANTER, HYGRA, PSORN, PSNIG, EUQUA, RASPH, AMTIG, AMTAL, NOVIR larvae"
199,2023,4/25/23,NA,NA,3,"jas, jra, mnz",55,9,0.31,0,3,20:00,0,,,,,,,,,,Nothing_heard_calling,"RASPH, ANTER, PSORN, PSNIG larvae. 1 adult NOVIR and one sub adult PSFLO"
200,2023,4/25/23,NA,NA,3,"jas, jra, mnz",50,9,0.36,0,0,20:00,0,,,,,,,,,,Nothing_heard_calling,"PSNIG, PSORN, RASPH, EUQUA, NOVIR, HYGRA larvae. Almost dry."
201,2023,4/25/23,NA,NA,3,"jas, jra, mnz",49,9,0.6,2,3,20:00,0,,,,,,,,,,Nothing_heard_calling,"PSNIG, RASPH, EUQUA, ANTER, RACAT larvae"
202,2023,4/25/23,NA,NA,3,"jas, jra, mnz",46,9,0.29,2,0,20:00,0,,,,,,,,,,Nothing_heard_calling,"ANTER, RASPH, PSNIG, EUQUA larvae. Almost dry."
203,2023,4/25/23,NA,NA,3,"jas, jra, mnz",42,9,0.24,0,3,20:00,0,,,,,,,,,,Nothing_heard_calling,RASPH and ANTER tadpoles. 1 pygmy sunfish and >100 mosquito fish
204,2023,4/27/23,NA,NA,3,"jas, jra, mnz",51,11,0.58,2,0,7:31,0,,,,,,,,,,Nothing_heard_calling,Lots of algae. Surface oily
205,2023,4/27/23,NA,NA,3,"jas, jra, mnz",55,11,0.29,2,3,8:22,0,,,,,,,,,,Nothing_heard_calling,"No egg masses, no frogs calling."
206,2023,4/27/23,NA,NA,1,jas,50,11,0.3,2,0,1:25,0,,,,,,,,,,Nothing_heard_calling,~4 small puddles. 1 RASPH tadpole observed
207,2023,4/27/23,NA,NA,1,jas,49,11,0.55,2,3,3:32,0,,,,,,,,,,Nothing_heard_calling,2 DERET hatchlings and 3 RACAT tadpoles.
208,2023,4/27/23,NA,NA,1,jas,46,11,0.24,2,1,0:57,0,,,,,,,,,,Nothing_heard_calling,>100 ANTER tadpoles. Just a puddle left
209,2023,4/27/23,NA,NA,1,jas,42,11,0.22,2,3,2:32,0,,,,,,,,,,Nothing_heard_calling,Small puddle left.
210,2023,5/2/23,NA,NA,1,jas,42,3,0.34,0,3,7:31,0,,,,,,,,,,Nothing_heard_calling,2 RASPH tadpoles seen. Water cold.
211,2023,5/2/23,NA,NA,1,jas,46,3,0.52,0,0,7:01,0,,,,,,,,,,Nothing_heard_calling,>200 ANTER tadpoles
212,2023,5/2/23,NA,NA,1,jas,49,3,0.8,0,3,5:50,Anaxyrus terrestris,1,,,,,,,,,Nothing_heard_calling,"1 NEFAS, 1 RACAT tadpole"
213,2023,5/2/23,NA,NA,1,jas,50,3,0.5,0,0,8:09,0,,,,,,,,,,Nothing_heard_calling,NA
214,2023,5/2/23,NA,NA,3,"jas, jra, mnz",55,3,0.4,0,3,12:07,0,,,,,,,,,,Nothing_heard_calling,1 marsh rabbit. 1 TRSCRI
215,2023,5/2/23,NA,NA,3,"jas, jra, mnz",51,3,0.69,0,0,14:57,0,,,,,,,,,,Acris_gryllus,"2 NEFAS, 1 Kinosternon"
216,2023,5/2/23,NA,NA,3,"jas, jra, mnz",53,3,0.32,0,0,5:04,0,,,,,,,,,,Nothing_heard_calling,NA
217,2023,5/4/23,NA,NA,1,jas,42,5,0.33,0,1,6:14,0,,,,,,,,,,Nothing_heard_calling,NA
218,2023,5/4/23,NA,NA,1,jas,46,5,0.46,3,0,5:17,0,,,,,,,,,,Nothing_heard_calling,>100 ANTER tadpoles
219,2023,5/4/23,NA,NA,1,jas,49,5,1,3,3,3:51,0,,,,,,,,,,Nothing_heard_calling,A lot of the previous ANTER egg mass has been eaten. 1 NEFAS
220,2023,5/4/23,NA,NA,1,jas,50,5,0.46,0,0,6:53,0,,,,,,,,,,Nothing_heard_calling,NA
221,2023,5/4/23,NA,NA,1,jas,55,5,0.38,0,1,17:55,0,,,,,,,,,,Nothing_heard_calling,NA
222,2023,5/4/23,NA,NA,1,jas,51,5,0.67,0,0,28:58:00,0,,,,,,,,,,Nothing_heard_calling,NA
223,2023,5/4/23,NA,NA,1,jas,53,5,0.28,0,0,7:42,0,,,,,,,,,,Nothing_heard_calling,NA
224,2023,5/8/23,NA,NA,1,jas,53,9,0.2,0,0,3:07,0,,,,,,,,,,Nothing_heard_calling,Almost dry
225,2023,5/8/23,NA,NA,1,jas,51,9,0.63,0,0,18:51,0,,,,,,,,,,Nothing_heard_calling,NA
226,2023,5/8/23,NA,NA,1,jas,55,9,0.33,2,3,16:24,0,,,,,,,,,,Nothing_heard_calling,1 adult RACAT
227,2023,5/8/23,NA,NA,1,jas,50,9,0.46,2,0,7:02,0,,,,,,,,,,Nothing_heard_calling,NA
228,2023,5/8/23,NA,NA,1,jas,49,9,1,2,3,5:17,0,,,,,,,,,,Nothing_heard_calling,"1 hatchling DERET, ANTER egg mass hatched"
229,2023,5/8/23,NA,NA,1,jas,46,9,0.3,2,3,1:17,0,,,,,,,,,,Nothing_heard_calling,NA
230,2023,5/8/23,NA,NA,1,jas,42,9,0.28,2,3,2:35,0,,,,,,,,,,Nothing_heard_calling,2 juvenile NEFAS. Mud was red and the water surface was oily and had a smell.
231,2023,5/11/23,NA,NA,1,jas,51,12,0.6,2,0,19:57,0,,,,,,,,,,Nothing_heard_calling,NA
232,2023,5/11/23,NA,NA,1,jas,55,12,0.3,2,3,19:29,0,,,,,,,,,,Nothing_heard_calling,1 NEFAS
233,2023,5/11/23,NA,NA,1,jas,50,12,0.36,2,0,2:38,0,,,,,,,,,,Nothing_heard_calling,Almost dry
234,2023,5/11/23,NA,NA,1,jas,49,12,1,2,3,4:19,0,,,,,,,,,,Nothing_heard_calling,Lots of new pig damage
235,2023,5/11/23,NA,NA,1,jas,46,12,0.19,2,3,0:30,0,,,,,,,,,,Nothing_heard_calling,Just a puddle. >250 ANTER metamorphs on edges of wetland
236,2023,5/11/23,NA,NA,1,jas,42,12,0.25,2,3,3:20,0,,,,,,,,,,Nothing_heard_calling,1 NEFAS. Backpool is just sludge. 4 metamorph ANTER
237,2023,5/16/23,NA,NA,1,jas,51,1,0.59,2,0,17:55,0,,,,,,,,,,Nothing_heard_calling,NA
238,2023,5/16/23,NA,NA,1,jas,55,1,0.29,2,3,12:09,0,,,,,,,,,,Nothing_heard_calling,NA
239,2023,5/16/23,NA,NA,1,jas,49,1,1,2,3,4:16,0,,,,,,,,,,Nothing_heard_calling,1 NEFAS. 2 DERET
240,2023,5/16/23,NA,NA,1,jas,46,1,0.19,2,3,0:20,0,,,,,,,,,,Nothing_heard_calling,9ft shallow pool. 100's of toadlets
241,2023,5/16/23,NA,NA,1,jas,42,1,0.28,2,3,4:32,0,,,,,,,,,,Nothing_heard_calling,water was oily and smelled bad. 2 NEFAS
242,2023,5/17/23,NA,NA,2,"jas, jra",51,2,0.58,2,0,30:00:00,0,,,,,,,,,,Nothing_heard_calling,"AMTAL, EUQUA, NOVIR, ACGRY, HYGRA, RASPH larvae. Spiders and dragonflies."
243,2023,5/17/23,NA,NA,2,"jas, jra",55,2,0.27,2,3,30:00:00,0,,,,,,,,,,Nothing_heard_calling,"1 NOVIR, 12 ANTER, 34 RASPH larvae"
244,2023,5/17/23,NA,NA,2,"jas, jra",49,2,0.47,2,3,30:00:00,0,,,,,,,,,,Nothing_heard_calling,"16 ANTER, 24 RACAT, 4 RASPH tadpoles. 5 DERET hatchlings."
245,2023,5/17/23,NA,NA,2,"jas, jra",46,2,0.16,2,3,0:30,0,,,,,,,,,,Nothing_heard_calling,Nothing. Basically dry.
246,2023,5/23/23,NA,NA,1,jas,53,0,0.36,2,0,37:30:00,Hyla fermoralis,5,Gastrophryne carolinensis,51,,,,,,,"Hyla_femoralis,Rana_sphenocephalus,Hyla_squirella,Gastrophryne_carolinensis","1 KISUB, 1 dead DERET"
247,2023,5/23/23,NA,NA,1,jas,51,0,0.78,2,0,48:07:00,Genus Hyla,1,Hyla fermoralis,14,Gastrophryne carolinensis,200,Anaxyrus terrestris,6,,,"Acris_gryllus,Hyla_squirella,Gastrophryne_carolinensis,Anaxyrus_terrestris",2 NEFAS
248,2023,5/23/23,NA,NA,1,jas,49,0,1,2,3,4:43,0,,,,,,,,,,Nothing_heard_calling,"1 RACAT tadpole, 2 DERET."
249,2023,5/23/23,NA,NA,1,jas,46,0,0.56,2,3,19:42,Genus Hyla,2,Hyla fermoralis,3,Gastrophryne carolinensis,13,,,,,"Gastrophryne_carolinensis,Hyla_femoralis,Acris_gryllus",1 adult EUQUA swimming. 1 dead GACAR
250,2023,5/23/23,NA,NA,1,jas,42,0,0.42,2,3,17:42,Gastrophryne carolinensis,15,,,,,,,,,"Acris_gryllus,Gastrophryne_carolinensis",1 NEFAS
251,2023,5/23/23,NA,NA,1,jas,50,0,0.5,2,0,8:05,HYFEM,1,Gastrophryne carolinensis,13,,,,,,,Acris_gryllus,NA
252,2023,5/23/23,NA,NA,1,jas,55,0,0.4,2,3,35:02:00,Anaxyrus terrestris,1,Gastrophryne carolinensis,8,,,,,,,Nothing_heard_calling,So much vegetation it is getting hard to see.
253,2023,5/25/23,NA,NA,1,jas,53,1,0.36,0,0,15:32,0,,,,,,,,,,Acris_gryllus,"1 NEFAS, 1 of the tiniest tadpoles (GACAR?)"
254,2023,5/25/23,NA,NA,1,jas,51,1,0.79,0,0,40:17:00,Gastrophryne carolinensis,19,Hyla fermoralis,3,,,,,,,"Hyla_squirella,Acris_gryllus",100s of ANTER and tiny HYFEM tadpoles
255,2023,5/25/23,NA,NA,1,jas,55,1,0.39,0,3,21:19,Gastrophryne carolinensis,1,,,,,,,,,Acris_gryllus,1 NEFAS
256,2023,5/25/23,NA,NA,1,jas,50,1,0.52,0,0,11:07,Gastrophryne carolinensis,11,,,,,,,,,Nothing_heard_calling,New pig wallows/damage in the middle of the wetland
257,2023,5/25/23,NA,NA,1,jas,49,1,1,0,3,6:20,0,,,,,,,,,,Nothing_heard_calling,2 DERET 
258,2023,5/25/23,NA,NA,1,jas,46,1,0.56,0,0,7:39,0,,,,,,,,,,Nothing_heard_calling,NA
259,2023,5/25/23,NA,NA,1,jas,42,1,0.4,3,3,9:01,0,,,,,,,,,,Nothing_heard_calling,"fish, 1 ACGRY adult, 1 juv NEFAS, RASPH tadpoles"
260,2023,5/30/23,NA,NA,1,jas,42,6,0.34,0,3,5:50,0,,,,,,,,,,Nothing_heard_calling,"1 NEFAS, ~20 ANTER tadpoles, fish"
261,2023,5/30/23,NA,NA,1,jas,46,6,0.36,0,0,3:18,0,,,,,,,,,,Nothing_heard_calling,3 new pig wallows
262,2023,5/30/23,NA,NA,1,jas,49,6,1,0,3,5:19,0,,,,,,,,,,Nothing_heard_calling,1 NEFAS. New pig damage
263,2023,5/30/23,NA,NA,1,jas,50,6,0.39,0,0,4:28,0,,,,,,,,,,Nothing_heard_calling,~15 ANTER tadpoles
264,2023,5/30/23,NA,NA,1,jas,55,6,0.33,0,1,16:56,0,,,,,,,,,,Nothing_heard_calling,"2 NEFAS, 1 RASPH tadpole"
265,2023,5/30/23,NA,NA,1,jas,51,6,0.74,0,0,28:09:00,0,,,,,,,,,,Acris_gryllus,>250 ANTER tadpole
266,2023,5/30/23,NA,NA,1,jas,53,6,0.23,0,0,6:23,0,,,,,,,,,,Nothing_heard_calling,NA
267,2023,5/31/23,NA,NA,3,jas + 2 guests,53,7,0.24,0,0,3:35,0,,,,,,,,,,Nothing_heard_calling,NA
268,2023,5/31/23,NA,NA,3,jas + 2 guests,51,7,0.73,0,0,16:27,0,,,,,,,,,,Acris_gryllus,>100 ANTER tadpoles. 1 NEFAS
269,2023,5/31/23,NA,NA,3,jas + 2 guests,55,7,0.32,0,3,3:17,0,,,,,,,,,,Nothing_heard_calling,NA
270,2023,5/31/23,NA,NA,3,jas + 2 guests,50,7,0.36,0,0,4:51,0,,,,,,,,,,Nothing_heard_calling,20 ANTER and 6 GACAR tadpoles
271,2023,5/31/23,NA,NA,3,jas + 2 guests,49,7,0.42,0,3,3:13,0,,,,,,,,,,Nothing_heard_calling,3 RACAT tadpoles
272,2023,5/31/23,NA,NA,3,jas + 2 guests,46,7,0.31,0,0,3:34,0,,,,,,,,,,Nothing_heard_calling,1 ANTER tadpole. 1 NEFAS
273,2023,5/31/23,NA,NA,3,jas + 2 guests,42,7,0.32,2,3,7:35,0,,,,,,,,,,Nothing_heard_calling,"5 ANTER, 3 GACAR tadpoles"
274,2023,6/6/23,NA,NA,1,lls,53,3,0.17,0,0,5:00,0,,,,,,,,,,Nothing_heard_calling,100s ANTER
275,2023,6/6/23,NA,NA,1,lls,42,3,0.27,0,3,2:30,0,,,,,,,,,,Nothing_heard_calling,fish
276,2023,6/6/23,NA,NA,1,lls,51,3,0.69,0,0,25:30:00,0,,,,,,,,,,Acris_gryllus,ANTER tadpoles
277,2023,6/6/23,NA,NA,1,lls,55,3,0.3,0,3,10:30,0,,,,,,,,,,Nothing_heard_calling,lots of inverts
278,2023,6/6/23,NA,NA,1,lls,49,3,1,0,3,7:20,0,,,,,,,,,,Nothing_heard_calling,rasph tadpoles. Pig damage.
279,2023,6/8/23,NA,NA,1,jas,42,5,0.24,3,3,5:42,0,,,,,,,,,,Hyla_femoralis,"fish, snails, few ANTER tadpoles"
280,2023,6/8/23,NA,NA,1,jas,49,5,1,3,3,4:38,0,,,,,,,,,,Nothing_heard_calling,New pig damage. 1 DERET
281,2023,6/8/23,NA,NA,1,jas,51,5,0.76,3,0,20:19,0,,,,,,,,,,Nothing_heard_calling,>100 ANTER. 1 NEFAS
282,2023,6/8/23,NA,NA,1,jas,55,5,0.22,0,3,9:32,0,,,,,,,,,,Nothing_heard_calling,1 NEFAS
283,2023,6/13/23,NA,NA,1,jas,53,0,0.2,0,0,3:50,Gastrophryne carolinensis,6,,,,,,,,,Nothing_heard_calling,GACAR eggs around staff gauge
284,2023,6/13/23,NA,NA,1,jas,51,0,0.67,0,0,34:01:00,Hyla femoralis,27,Gastrophryne carolinensis,7,,,,,,,Acris_gryllus,NA
285,2023,6/13/23,NA,NA,1,jas,55,0,0.22,0,3,5:50,0,,,,,,,,,,Nothing_heard_calling,NA
286,2023,6/13/23,NA,NA,1,jas,49,0,1,2,3,3:58,0,,,,,,,,,,Nothing_heard_calling,NA
287,2023,6/13/23,NA,NA,1,jas,42,0,0.25,2,3,3:55,0,,,,,,,,,,Nothing_heard_calling,NA
288,2023,6/15/23,NA,NA,1,jas,42,0,0.4,2,3,6:42,0,,,,,,,,,,"Acris_gryllus,Gastrophryne_carolinensis",2 NEFAS
289,2023,6/15/23,NA,NA,1,jas,46,0,0.37,2,3,3:41,0,,,,,,,,,,"Acris_gryllus,Gastrophryne_carolinensis",1 NEFAS
290,2023,6/15/23,NA,NA,1,jas,49,0,1,2,3,3:31,0,,,,,,,,,,Nothing_heard_calling,1 DERET
291,2023,6/15/23,NA,NA,1,jas,50,0,0.4,2,0,4:29,0,,,,,,,,,,Nothing_heard_calling,NA
292,2023,6/16/23,NA,NA,1,jas,53,0,0.46,2,0,37:48:00,Gastrophryne carolinensis,11,Genus Hyla,2,,,,,,,"Acris_gryllus,Gastrophryne_carolinensis,Hyla_femoralis,Hyla_squirella",NA
293,2023,6/16/23,NA,NA,1,jas,51,0,0.8,2,0,33:08:00,Genus Hyla,7,Anaxyrus terrestris,1,Gastrophryne carolinensis,4,,,,,Acris_gryllus,1 NEFAS
294,2023,6/16/23,NA,NA,1,jas,55,0,0.42,2,3,27:38:00,0,,,,,,,,,,"Acris_gryllus,Hyla_squirella,Gastrophryne_carolinensis,Pseudacris_nigrita",NA
295,2023,6/20/23,NA,NA,1,jas,42,0,0.4,0,3,11:19,0,,,,,,,,,,Acris_gryllus,NA
296,2023,6/20/23,NA,NA,1,jas,46,0,0.52,0,0,8:49,0,,,,,,,,,,Nothing_heard_calling,1 Water scorpion. 3 new pig wallows
297,2023,6/20/23,NA,NA,1,jas,49,0,1,0,3,6:32,0,,,,,,,,,,Nothing_heard_calling,"2 NEFAS, 1 RACAT tadpole"
298,2023,6/20/23,NA,NA,1,jas,50,0,0.54,2,0,10:35,Gastrophryne carolinensis,3,Genus Hyla,2,,,,,,,Acris_gryllus,NA
299,2023,6/20/23,NA,NA,1,jas,55,0,0.41,2,3,16:12,0,,,,,,,,,,"Rana_sphenocephalus,Acris_gryllus",ANTER tadpoles. Vegetation is getting very thick. Hard to see in wetland.
300,2023,6/20/23,NA,NA,1,jas,51,0,0.8,0,0,25:22:00,0,,,,,,,,,,Acris_gryllus,NA
301,2023,6/20/23,NA,NA,1,jas,53,0,0.44,0,0,17:51,Genus Hyla,7,,,,,,,,,Acris_gryllus,NA
302,2023,6/22/23,NA,NA,2,"jas, jra",53,0,0.42,2,0,30:00:00,0,,,,,,,,,,Acris_gryllus,"ANTER, ACGRY, HYFEM, HYLA, HYGRA, PSNIG tadpoles. Fairy shrimp. PSFER adult?"
303,2023,6/22/23,NA,NA,1,jas,55,0,0.44,0,3,60:00:00,0,,,,,,,,,,"Acris_gryllus, Hyla_squirella","ANTER, HYFEM, GACAR tadpoles"
304,2023,6/22/23,NA,NA,2,"jas, jra",51,0,0.8,0,0,30:00:00,Genus Hyla,1,,,,,,,,,Acris_gryllus,"ANTER, HYFEM, EUQUA, NOVIR, GACAR, HYGRA, AMTAL, ACGRY tadpoles"
305,2023,6/22/23,NA,NA,2,"jas, jra",50,0,0.54,2,0,30:00:00,0,,,,,,,,,,Acris_gryllus,"ANTER, GACAR tadpoles"
306,2023,6/22/23,NA,NA,2,"jas, jra",49,0,1,2,3,30:00:00,Anaxyrus terrestris,1,Genus Hyla,1,,,,,,,"Acris_gryllus,Hyla_gratiosa,Hyla_femoralis,Hyla_squirella","ANTER and RACAT tadpoles. 2 NEFAS, 2 DERET"
307,2023,6/22/23,NA,NA,2,"jas, jra",46,0,0.52,2,0,30:00:00,0,,,,,,,,,,Acris_gryllus,"ANTER, HYLA, GACAR tadpoles"
308,2023,6/22/23,NA,NA,2,"jas, jra",42,0,0.42,2,3,30:00:00,0,,,,,,,,,,Acris_gryllus,No tadpoles. Fish
309,2023,6/27/23,NA,NA,1,jas,42,2,0.37,0,3,5:37,0,,,,,,,,,,Nothing_heard_calling,Lots of algae
310,2023,6/27/23,NA,NA,1,jas,46,2,0.38,0,0,5:44,0,,,,,,,,,,Nothing_heard_calling,2 new pig holes. Fairy shrimp. GACAR tadpoles
311,2023,6/27/23,NA,NA,1,jas,49,2,1,0,3,6:58,0,,,,,,,,,,Nothing_heard_calling,"ANTER tadpoles, 2 Juvenile NEFAS, 2 DERET"
312,2023,6/27/23,NA,NA,1,jas,50,2,0.42,0,0,8:12,0,,,,,,,,,,Nothing_heard_calling,Lots of GACAR tadpoles
313,2023,6/27/23,NA,NA,1,jas,55,2,0.42,0,3,29:46:00,0,,,,,,,,,,"Rana_catesbeiana,Acris_gryllus",2 NEFAS. Pig activity on backside of wetland. GACAR tadpoles
314,2023,6/27/23,NA,NA,1,jas,51,2,0.79,0,0,21:42,0,,,,,,,,,,Acris_gryllus,NA
315,2023,6/27/23,NA,NA,1,jas,53,2,0.38,2,0,14:53,Hyla femoralis,2,,,,,,,,,Acris_gryllus,Fairy shrimp. GACAR tadpoles
316,2023,6/29/23,NA,NA,1,jas,42,4,0.32,0,3,8:18,0,,,,,,,,,,Nothing_heard_calling,"1 NEFAS, GACAR tadpoles"
317,2023,6/29/23,NA,NA,1,jas,46,4,0.25,0,3,1:14,0,,,,,,,,,,Nothing_heard_calling,ANTER and GACAR tadpoles
318,2023,6/29/23,NA,NA,1,jas,49,4,1,0,3,4:50,0,,,,,,,,,,Nothing_heard_calling,2 NEFAS
319,2023,6/29/23,NA,NA,1,jas,50,4,0.46,0,0,9:01,0,,,,,,,,,,Nothing_heard_calling,"ANTER, HYFEM, GACAR tadpoles"
320,2023,6/29/23,NA,NA,1,jas,55,4,0.4,0,1,17:56,0,,,,,,,,,,Nothing_heard_calling,pigs rooting on north edge
321,2023,6/29/23,NA,NA,1,jas,51,4,0.76,0,0,18:32,0,,,,,,,,,,Acris_gryllus,GACAR tadpoles
322,2023,6/29/23,NA,NA,1,jas,53,4,0.34,0,0,10:10,0,,,,,,,,,,Nothing_heard_calling,fairy shrimp. GACAR and ANTER tadpoles
323,2023,7/6/23,NA,NA,1,jas,42,5,0.28,0,3,5:47,0,,,,,,,,,,Hyla_femoralis,"1 NEFAS, fish"
324,2023,7/6/23,NA,NA,1,jas,49,5,1,0,3,4:38,0,,,,,,,,,,Nothing_heard_calling,"toadlets, 2 DERET"
325,2023,7/6/23,NA,NA,1,jas,55,5,0.33,0,3,18:52,0,,,,,,,,,,Nothing_heard_calling,"HYGRA, GACAR tadpoles"
326,2023,7/6/23,NA,NA,1,jas,51,5,0.68,0,3,16:48,0,,,,,,,,,,Nothing_heard_calling,NA
327,2023,7/6/23,NA,NA,1,jas,53,5,0.27,0,0,7:34,0,,,,,,,,,,Nothing_heard_calling,"GACAR, HYFEM tadpoles. Pig damage on east side of wetland"
328,2024,1/23/24,14:07:00,1/23/24 14:07,2,"Jade_Samples,Mia_Cinello-Smith",53,0,0.39,2,1,26.04,Ambystoma talpoideum,106,Pseudacris ornata,4,,,,,,,Acris_gryllus,Nothing heard calling. Old AMTIG eggs. Check ID of ornata voucher eggs
329,2024,1/23/24,15:07:00,1/23/24 15:07,2,"Jade_Samples,Mia_Cinello-Smith",51,0,0.58,4,3,56.32,Pseudacris ornata,27,Ambystoma tigrinum,8,,,,,,,"Pseudacris_nigrita,Acris_gryllus,Pseudacris_crucifer",NA
330,2024,1/23/24,18:53:00,1/23/24 18:53,2,"Jade_Samples,Mia_Cinello-Smith",41,0,0,2,0,0,,,,,,,,,,,Acris_gryllus,Nothing calling. No water. Recent pig damage 
331,2024,1/23/24,19:00:00,1/23/24 19:00,2,"Jade_Samples,Mia_Cinello-Smith",42,0,0.35,2,3,7.07,Ambystoma tigrinum,15,,,,,,,,,Acris_gryllus,None calling 
332,2024,1/23/24,19:28:00,1/23/24 19:28,2,"Jade_Samples,Mia_Cinello-Smith",53,0,0.32,2,3,1.36,Ambystoma tigrinum,45,,,,,,,,,Pseudacris_ornata,Water dropping quickly 
333,2024,1/23/24,19:42:00,1/23/24 19:42,2,"Jade_Samples,Mia_Cinello-Smith",49,0,0.54,2,2,3.44,Ambystoma tigrinum,17,,,,,,,,,Acris_gryllus,No frogs calling. 
334,2024,1/23/24,20:18:00,1/23/24 20:18,2,"Jade_Samples,Mia_Cinello-Smith",50,0,0.5,2,3,19.46,,,Ambystoma tigrinum,203,Pseudacris ornata,72,,,,,Acris_gryllus,Nothing heard
335,2024,1/23/24,20:36:00,1/23/24 20:36,2,"Jade_Samples,Mia_Cinello-Smith",55,0,0.4,2,3,17.4,Ambystoma tigrinum,5,,,,,,,,,Pseudacris_nigrita,"Amtig larva, psnig tadpoles, fairy shrimp"
336,2024,1/23/24,21:23:00,1/23/24 21:23,2,"Jade_Samples,Mia_Cinello-Smith",15,0,0.1,2,0,0.3,,,,,,,,,,,Acris_gryllus,Nothing heard. Thousands of fairy shrimp
337,2024,1/23/24,21:40:00,1/23/24 21:40,2,"Jade_Samples,Mia_Cinello-Smith",21,0,0.42,2,0,7.42,Pseudacris ornata,13,,,,,,,,,"Acris_gryllus,Pseudacris_crucifer",Fairy shrimp
338,2024,1/31/24,13:52:00,1/31/24 13:52,2,"Jade_Samples,Mia_Cinello-Smith",15,4,0.08,0,0,0.3,,,,,,,,,,,Acris_gryllus,Nothing heard calling. Nearly dry. Four foot puddle. 
339,2024,1/31/24,14:20:00,1/31/24 14:20,2,"Jade_Samples,Mia_Cinello-Smith",21,4,0.15,0,1,7.03,,,,,,,,,,,Acris_gryllus,Pseudacris tadpole. Nothing calling. Fairy shrimp. 
340,2024,1/31/24,14:50:00,1/31/24 14:50,2,"Jade_Samples,Mia_Cinello-Smith",53,4,0.4,0,1,25.01,Ambystoma tigrinum,22,,,,,,,,,Acris_gryllus,Larval AMTIG. Crawfish. PSNIG larva. Nothing calling. 
341,2024,1/31/24,15:56:00,1/31/24 15:56,2,"Jade_Samples,Mia_Cinello-Smith",51,4,0.6,0,3,35.38,Rana Sphenocephala,17,,,,,,,,,Pseudacris_nigrita,PSNIG and PSORN tadpoles. AMTIG larva 
342,2024,1/31/24,18:53:00,1/31/24 18:53,1,Jade_Samples,42,4,0.38,0,0,12.47,Ambystoma tigrinum,16,,,,,,,,,Acris_gryllus,Nothing calling. AMTIG larvals and ACGRY adults 
343,2024,2/6/24,14:04:00,2/6/24 14:04,2,"Jade_Samples,Mia_Cinello-Smith",15,2,0.25,0,1,2.12,,,,,,,,,,,Nothing_heard_calling,NA
344,2024,2/6/24,14:19:00,2/6/24 14:19,2,"Jade_Samples,Mia_Cinello-Smith",21,2,0.2,0,3,5.03,,,,,,,,,,,Nothing_heard_calling,Fairy shrimp 
345,2024,2/6/24,14:40:00,2/6/24 14:40,2,"Jade_Samples,Mia_Cinello-Smith",53,2,0.44,0,0,16.56,,,,,,,,,,,Nothing_heard_calling,AMTIG larva. PSNIG tadpole 
346,2024,2/6/24,15:12:00,2/6/24 15:12,2,"Jade_Samples,Mia_Cinello-Smith",53,2,0.67,0,3,30.17,,,,,,,,,,,"Pseudacris_nigrita,Pseudacris_crucifer",Dead common snapping turtle in Wetland. Tiger larva. 
347,2024,2/6/24,17:49:00,2/6/24 17:49,2,"Jade_Samples,Mia_Cinello-Smith",41,2,0.2,0,0,5.22,,,,,,,,,,,"Pseudacris_nigrita,Pseudacris_crucifer",NA
348,2024,2/6/24,18:32:00,2/6/24 18:32,2,"Jade_Samples,Mia_Cinello-Smith",42,2,0.41,0,1,5.48,,,,,,,,,,,Nothing_heard_calling,AMTIG larva everywhere 
349,2024,2/6/24,18:57:00,2/6/24 18:57,2,"Jade_Samples,Mia_Cinello-Smith",46,2,0.49,0,0,5.15,,,,,,,,,,,Pseudacris_ornata,Amtig larva 
350,2024,2/6/24,19:19:00,2/6/24 19:19,2,"Jade_Samples,Mia_Cinello-Smith",49,2,0.6,0,2,10.42,Ambystoma tigrinum,1,,,,,,,,,Pseudacris_ornata,1 NEFAS and 1 chicken turtle. Fairy shrimp. Amtig larva 
351,2024,2/6/24,19:40:00,2/6/24 19:40,2,"Jade_Samples,Mia_Cinello-Smith",50,2,0.59,0,3,15,,,,,,,,,,,Pseudacris_nigrita,"Could be PSFER Calling? High pitch slow comb call. Saw adult RASPH. PSNIG, AMTIG, RASPH tadpoles. "
352,2024,2/13/24,13:39:00,2/13/24 13:39,2,"Jade_Samples,Mia_Cinello-Smith",21,1,0.64,1,2,18.33,Genus Pseudacris,1,Scaphiopus holbrookii,30,,,,,,,"Pseudacris_ornata,Rana_sphenocephalus",Water turbid after burn 
353,2024,2/13/24,14:16:00,2/13/24 14:16,2,"Jade_Samples,Mia_Cinello-Smith",15,1,1.03,1,2,19.42,Scaphiopus holbrookii,228,Genus Pseudacris,2,,,,,,,Pseudacris_ornata,2 pairs of ornata Amplexing. Weird bubbling?
354,2024,2/13/24,14:59:00,2/13/24 14:59,2,"Jade_Samples,Mia_Cinello-Smith",53,1,0.5,1,1,30.29,Genus Pseudacris,3,Rana Sphenocephala,2,,,,,,,"Pseudacris_ornata,Pseudacris_nigrita",Saw AMTIG and PSORN larvae
355,2024,2/13/24,16:06:00,2/13/24 16:06,2,"Jade_Samples,Mia_Cinello-Smith",49,1,0.95,0,2,12.41,Genus Pseudacris,1,,,,,,,,,"Pseudacris_nigrita,Pseudacris_ornata",AMTIG and PSNIG larva 
356,2024,2/13/24,17:28:00,2/13/24 17:28,2,"Jade_Samples,Mia_Cinello-Smith",55,1,0.48,0,4,47.22,Rana Sphenocephala,1,,,,,,,,,"Pseudacris_ornata,Pseudacris_nigrita,Rana_sphenocephalus",NA
357,2024,2/13/24,19:02:00,2/13/24 19:02,2,"Jade_Samples,Mia_Cinello-Smith",51,1,0.78,1,4,30.06,Rana Sphenocephala,4,,,,,,,,,"Pseudacris_ornata,Pseudacris_nigrita",Saw AMTIG and PSORN and RASPH tadpoles 
358,2024,2/13/24,19:15:00,2/13/24 19:15,2,"Jade_Samples,Mia_Cinello-Smith",50,1,0.75,1,3,19.14,Rana Sphenocephala,4,,,,,,,,,"Pseudacris_ornata,Pseudacris_nigrita,Rana_sphenocephalus,Pseudacris_crucifer",Potentially one of the RASPH egg masses is a Licap?
359,2024,2/13/24,20:15:00,2/13/24 20:15,2,"Jade_Samples,Mia_Cinello-Smith",46,1,0.79,1,0,13.13,,,,,,,,,,,"Pseudacris_nigrita,Pseudacris_ornata,Rana_sphenocephalus",Saw 3 PSORN adults
360,2024,2/13/24,20:55:00,2/13/24 20:55,2,"Jade_Samples,Mia_Cinello-Smith",42,1,0.49,0,1,17.41,Rana Sphenocephala,4,Rana capito,1,,,,,,,"Pseudacris_ornata,Pseudacris_nigrita,Rana_sphenocephalus",NA
361,2024,2/15/24,14:34:00,2/15/24 14:34,2,"Jade_Samples,Mia_Cinello-Smith",15,3,0.7,0,1,44.17,Ambystoma tigrinum,97,Rana Sphenocephala,2,Genus Pseudacris,577,Scaphiopus holbrookii,377,Rana capito,4,Pseudacris_nigrita,Found half eaten AMTIG adult 
362,2024,2/15/24,16:53:00,2/15/24 16:53,2,"Jade_Samples,Mia_Cinello-Smith",49,3,0.85,1,2,15.06,Rana Sphenocephala,1,Genus Pseudacris,1,,,,,,,"Nothing_heard_calling,Pseudacris_feriarum",Saw AMTIG larva and PSNIG larva
363,2024,2/15/24,17:19:00,2/15/24 17:19,2,"Jade_Samples,Mia_Cinello-Smith",42,3,0.49,0,1,14.46,Rana Sphenocephala,2,Rana capito,2,,,,,,,Pseudacris_nigrita,Saw AMTIG and PSORN larva
364,2024,2/15/24,19:01:00,2/15/24 19:01,2,"Jade_Samples,Mia_Cinello-Smith",53,3,0.49,1,0,20.42,Genus Pseudacris,6,Ambystoma tigrinum,3,,,,,,,Pseudacris_nigrita,AMYIG and PSORN larva 
365,2024,2/15/24,19:34:00,2/15/24 19:34,2,"Jade_Samples,Mia_Cinello-Smith",21,3,0.56,0,1,9.52,Genus Pseudacris,8,Scaphiopus holbrookii,300,,,,,,,Nothing_heard_calling,Saw nigrita tadpoles. Fresh pig damage. 
366,2024,2/20/24,14:29:00,2/20/24 14:29,1,Mia_Cinello-Smith,15,3,0.48,0,2,37.05,Genus Pseudacris,63,Ambystoma tigrinum,165,Rana capito,2,,,,,Nothing_heard_calling,Some of egg masses above the water. RACAP tadpoles already hatched from egg masses. Water drying rapidly.
367,2024,2/20/24,14:32:00,2/20/24 14:32,1,Mia_Cinello-Smith,21,3,0.5,1,4,20.15,Genus Pseudacris,2,Ambystoma tigrinum,2,,,,,,,Nothing_heard_calling,More pig damage. Saw 1 adult ACGRY. PSORN and SCHOL tadpoles
368,2024,2/20/24,14:34:00,2/20/24 14:34,1,Mia_Cinello-Smith,53,3,0.49,0,1,64.06,Genus Pseudacris,14,Ambystoma tigrinum,6,Rana Sphenocephala,5,,,,,"Rana_sphenocephalus,Pseudacris_nigrita",Dead watersnake. AMTIG larvae. Pig poop? Fairy shrimp.
369,2024,2/20/24,14:37:00,2/20/24 14:37,1,Mia_Cinello-Smith,42,3,0.49,0,2,66.08,Rana Sphenocephala,5,Genus Pseudacris,1,Rana capito,4,,,,,"Acris_gryllus,Pseudacris_nigrita",Recently burned. AMTIG and PSORN larvae and NEFAS seen.
370,2024,2/21/24,14:39:00,2/21/24 14:39,2,"Jade_Samples,Mia_Cinello-Smith",51,4,0.79,0,0,58.13,Genus Pseudacris,1,Rana Sphenocephala,3,Rana capito,3,,,,,Pseudacris_nigrita,Water very clear! Newt cages look good! Saw 3 newts in cage 6 and 1 in another cage. AMTIG and PSORN larvae.
371,2024,2/21/24,14:43:00,2/21/24 14:43,2,"Jade_Samples,Mia_Cinello-Smith",50,4,0.68,0,4,21.48,Genus Pseudacris,7,Rana Sphenocephala,1,Ambystoma tigrinum,14,Rana capito,1,,,Pseudacris_nigrita,Got genetic samples from suspected RACAP eggs. So much algae
372,2024,2/21/24,14:46:00,2/21/24 14:46,2,"Jade_Samples,Mia_Cinello-Smith",49,4,0.6,0,2,19.5,Rana Sphenocephala,1,Rana capito,1,,,,,,,Nothing_heard_calling,Took genetic sample from RACAP. Listened to call files and heard calling 2/14-2/15
373,2024,2/21/24,14:48:00,2/21/24 14:48,2,"Jade_Samples,Mia_Cinello-Smith",46,4,0.72,0,0,17.39,Scaphiopus holbrookii,1,Genus Pseudacris,14,Ambystoma tigrinum,107,Rana capito,3,,,Nothing_heard_calling,Observed 1 adult ACGRY and SCHOL tadpoles
374,2024,2/21/24,14:51:00,2/21/24 14:51,2,"Jade_Samples,Mia_Cinello-Smith",55,4,0.44,0,4,25.1,Rana Sphenocephala,1,,,,,,,,,Pseudacris_nigrita,"AMTIG larvae and adult ACGRY and NEFAS observed. 
Pulled SD, no RACAP heard calling"
375,2024,2/27/24,13:49:00,2/27/24 13:49,2,"Jade_Samples,Mia_Cinello-Smith",15,4,0.04,2,0,0.2,,,,,,,,,,,Nothing_heard_calling,Shallow puddle about 7ft across. Some tadpoles still in center. Jade took photo 
376,2024,2/27/24,14:14:00,2/27/24 14:14,2,"Jade_Samples,Mia_Cinello-Smith",21,4,0.42,2,4,4.5,,,,,,,,,,,Nothing_heard_calling,Wetland drying. Lots of SCHOL tadpoles. Released 2 egg masses of RACAP tadpoles here last week because Wetland 15 was drying too fast 
377,2024,2/27/24,14:52:00,2/27/24 14:52,2,"Jade_Samples,Mia_Cinello-Smith",53,4,0.46,2,1,17.29,,,,,,,,,,,Nothing_heard_calling,Saw RASPH and AMTIG larva 
378,2024,2/27/24,15:19:00,2/27/24 15:19,2,"Jade_Samples,Mia_Cinello-Smith",51,4,0.76,2,3,33.43,,,,,,,,,,,"Pseudacris_nigrita,Acris_gryllus","Saw 1 newt in cage 3, 1, 6, and 5. Saw RACAP tadpoles on three old egg masses. Saw PSORN and AMTIG "
379,2024,2/27/24,16:11:00,2/27/24 16:11,2,"Jade_Samples,Mia_Cinello-Smith",55,4,0.41,2,4,16.42,,,,,,,,,,,Pseudacris_nigrita,Saw RASPH tadpoles 
380,2024,2/27/24,18:05:00,2/27/24 18:05,2,"Jade_Samples,Mia_Cinello-Smith",42,4,0.41,1,0,20.56,,,,,,,,,,,"Pseudacris_feriarum,Acris_gryllus",Dead NEFAS. 1 Mud turtle. 1 adult ACGRY. Saw RACAP and RASPH tadpoles by old egg masses. Recent pig damage. 
381,2024,2/27/24,18:39:00,2/27/24 18:39,2,"Jade_Samples,Mia_Cinello-Smith",46,4,0.64,2,4,17.51,Ambystoma tigrinum,3,Genus Pseudacris,1,,,,,,,Acris_gryllus,Saw small ranif tadpoles. Lots of algae 
382,2024,2/27/24,19:07:00,2/27/24 19:07,2,"Jade_Samples,Mia_Cinello-Smith",49,4,0.74,2,2,13.36,,,,,,,,,,,Nothing_heard_calling,Saw RASPH and RACAP tadpoles 
383,2024,2/27/24,19:28:00,2/27/24 19:28,2,"Jade_Samples,Mia_Cinello-Smith",50,4,0.62,2,4,9.35,,,,,,,,,,,Pseudacris_nigrita,"Saw RACAP, RASPH, and PSORN tadpoles. One adult PSNIG. Changed ARD batteries"
384,2024,3/4/24,19:25:00,3/4/24 19:25,1,Mia_Cinello-Smith,21,0,0.4,4,3,7.02,,,,,,,,,,,Nothing_heard_calling,Recnt pig damage. Walked edges. SCHOL tadpoles
385,2024,3/4/24,19:27:00,3/4/24 19:27,1,Mia_Cinello-Smith,15,0,0.05,4,0,2.41,,,,,,,,,,,Nothing_heard_calling,Small puddle :( SCHOL tadpoles and recent pig damage 
386,2024,3/4/24,19:28:00,3/4/24 19:28,1,Mia_Cinello-Smith,51,0,0.76,2,3,60.25,,,,,,,,,,,"Acris_gryllus,Pseudacris_nigrita",Pig damage and PSORN tadpoles
387,2024,3/4/24,19:30:00,3/4/24 19:30,1,Mia_Cinello-Smith,49,0,0.68,2,2,16.08,,,,,,,,,,,Nothing_heard_calling,"PSNIG, RACAP, and AMTIG larva "
388,2024,3/4/24,19:32:00,3/4/24 19:32,2,"Mia_Cinello-Smith,Maddie Z.",53,0,0.46,2,0,22.1,,,,,,,,,,,Pseudacris_nigrita,PSORN and SCHOL larva
389,2024,3/4/24,19:34:00,3/4/24 19:34,1,Mia_Cinello-Smith,42,0,0.44,1,3,10.44,,,,,,,,,,,"Acris_gryllus,Pseudacris_nigrita","RACAP, RASPH, PSORN PSNIG tadpoles"
390,2024,3/4/24,19:36:00,3/4/24 19:36,1,Mia_Cinello-Smith,46,0,0.6,1,4,6.59,,,,,,,,,,,Pseudacris_nigrita,NA
391,2024,3/6/24,19:37:00,3/6/24 19:37,1,Mia_Cinello-Smith,55,0,0.41,2,3,42.22,,,,,,,,,,,Pseudacris_nigrita,"AMTIG, PSORN, PSNIG larvae"
392,2024,3/6/24,19:38:00,3/6/24 19:38,1,Mia_Cinello-Smith,21,0,0.4,1,0,7.28,,,,,,,,,,,Nothing_heard_calling,Adult ACGRY and PSORN and SCHOL tadpoles
393,2024,3/6/24,19:40:00,3/6/24 19:40,1,Mia_Cinello-Smith,15,0,0.07,1,0,6.46,,,,,,,,,,,Nothing_heard_calling,1000's of SCHOL tadpoles
394,2024,3/6/24,19:41:00,3/6/24 19:41,1,Mia_Cinello-Smith,53,0,0.46,1,1,41.43,,,,,,,,,,,"Rana_sphenocephalus,Pseudacris_nigrita","SCHOL, PSORN, AMTIG larvae"
395,2024,3/6/24,19:42:00,3/6/24 19:42,1,Mia_Cinello-Smith,49,0,0.68,2,2,20.52,Rana capito,1,,,,,,,,,Pseudacris_nigrita,AMTIG and PSING larvae. Got sample for Eva
396,2024,3/6/24,19:44:00,3/6/24 19:44,1,Mia_Cinello-Smith,51,0,0.77,2,3,53.3,,,,,,,,,,,Pseudacris_nigrita,PSORN and RASPH larvae
397,2024,3/6/24,19:48:00,3/6/24 19:48,1,Mia_Cinello-Smith,46,0,0.62,2,3,15.14,,,,,,,,,,,"Acris_gryllus,Pseudacris_nigrita",Nothing seen 
398,2024,3/6/24,19:49:00,3/6/24 19:49,1,Mia_Cinello-Smith,42,0,0.45,2,3,33.51,,,,,,,,,,,"Acris_gryllus,Pseudacris_nigrita,Rana_sphenocephalus",PSORN and RACAP larvae
399,2024,3/11/24,18:50:00,3/11/24 18:50,1,Mia_Cinello-Smith,21,2,0.51,2,0,11.41,,,,,,,,,,,Nothing_heard_calling,Nothing seen
400,2024,3/11/24,18:51:00,3/11/24 18:51,1,Mia_Cinello-Smith,15,2,0.52,2,1,36.57,Scaphiopus holbrookii,95,Genus Pseudacris,29,,,,,,,Nothing_heard_calling,Water receding. Already some eggs above water. Lots of pig damage. 
401,2024,3/11/24,18:53:00,3/11/24 18:53,1,Mia_Cinello-Smith,53,2,0.54,2,1,108.09,Genus Pseudacris,3,,,,,,,,,"Pseudacris_nigrita,Rana_sphenocephalus,Acris_gryllus",SCHOL tadpoles
402,2024,3/11/24,18:55:00,3/11/24 18:55,1,Mia_Cinello-Smith,49,2,0.78,2,2,19.02,,,,,,,,,,,"Pseudacris_nigrita,Rana_sphenocephalus",RACAP tadpoles? Small black tadpoles 
403,2024,3/12/24,18:46:00,3/12/24 18:46,1,Mia_Cinello-Smith,50,3,0.45,1,3,34.48,,,,,,,,,,,Nothing_heard_calling,Nothing seen
404,2024,3/12/24,18:56:00,3/12/24 18:56,1,Mia_Cinello-Smith,55,3,0.46,1,3,58.28,,,,,,,,,,,Acris_gryllus,Recent pig damage 
405,2024,3/12/24,18:57:00,3/12/24 18:57,1,Mia_Cinello-Smith,51,3,0.83,0,3,69.57,Rana Sphenocephala,2,,,,,,,,,Acris_gryllus,PSORN and PSNIG larvae. Two older egg masses with tadpoles hatching. Back pools connected. 
406,2024,3/12/24,18:59:00,3/12/24 18:59,1,Mia_Cinello-Smith,46,3,0.78,1,3,25.58,,,,,,,,,,,"Rana_sphenocephalus,Acris_gryllus,Pseudacris_nigrita",AMTIG larvae
407,2024,3/12/24,19:00:00,3/12/24 19:00,1,Mia_Cinello-Smith,42,3,0.54,1,0,84.14,Rana capito,4,,,,,,,,,"Acris_gryllus,Rana_sphenocephalus,Pseudacris_nigrita",Took 4 RACAP? Samples? Might be RASPH. PSORN and AMTIG larvae. Pig damage 
408,2024,3/14/24,12:48:00,3/14/24 12:48,1,Jade_Samples,15,5,0.3,0,0,3.48,Genus Pseudacris,2,,,,,,,,,Nothing_heard_calling,Wetland shrinking. Saw peanut m&m SCHOL tadpoles
409,2024,3/14/24,13:11:00,3/14/24 13:11,1,Jade_Samples,21,5,0.32,0,0,7.45,,,,,,,,,,,Nothing_heard_calling,Saw ACGRY adult and SCHOL and PSORN tadpoles. 
410,2024,3/14/24,13:36:00,3/14/24 13:36,2,"Jade_Samples,Mia_Cinello-Smith",42,5,0.53,0,3,17.48,,,,,,,,,,,"Acris_gryllus,Rana_sphenocephalus","RASPH, PSORN, PSNIG, AMTIG larva "
411,2024,3/14/24,14:25:00,3/14/24 14:25,2,"Jade_Samples,Mia_Cinello-Smith",46,5,0.76,0,3,13.4,Rana Sphenocephala,1,,,,,,,,,Acris_gryllus,Saw 1 AMTIG larva 
412,2024,3/14/24,14:50:00,3/14/24 14:50,2,"Jade_Samples,Mia_Cinello-Smith",49,5,0.81,0,2,12.16,Genus Pseudacris,1,,,,,,,,,Nothing_heard_calling,1 NEFAS. 1 giant AMTIG larva. Ranid and pseudacris tadpoles too small to ID 
413,2024,3/14/24,15:18:00,3/14/24 15:18,2,"Jade_Samples,Mia_Cinello-Smith",50,5,0.52,1,3,12.4,,,,,,,,,,,Acris_gryllus,Nothing observed. 
414,2024,3/14/24,15:57:00,3/14/24 15:57,2,"Jade_Samples,Mia_Cinello-Smith",55,5,0.46,3,3,26.49,Rana Sphenocephala,1,,,,,,,,,Acris_gryllus,Saw RASPH tadpoles and AMTIG larva. Saw/heard 3 snakes in the maiden cane 
415,2024,3/14/24,18:03:00,3/14/24 18:03,2,"Jade_Samples,Mia_Cinello-Smith",53,5,0.53,0,0,45.33,,,,,,,,,,,Acris_gryllus,"1 adult FAABA, some RASPH tadpoles. Entire wetland basin full "
416,2024,3/14/24,18:29:00,3/14/24 18:29,2,"Jade_Samples,Mia_Cinello-Smith",51,5,0.84,0,0,39.42,,,,,,,,,,,Acris_gryllus,"Saw PSORN tadpoles and RASPH?
Burned yesterday but burn did not reach inside the wetland :("
417,2024,3/21/24,12:45:00,3/21/24 12:45,1,Jade_Samples,49,4,1.15,0,2,9.45,Rana catesbeiana,1,,,,,,,,,Nothing_heard_calling,Did not burn. Burned around 50 instead
418,2024,3/21/24,20:01:00,3/21/24 20:01,1,Jade_Samples,46,4,0.77,2,1,26.03,,,,,,,,,,,Acris_gryllus,NA
419,2024,3/26/24,12:33:00,3/26/24 12:33,2,"Jade_Samples,Mia_Cinello-Smith",15,3,0,2,0,0,,,,,,,,,,,Nothing_heard_calling,Wetland dry. No water. 
420,2024,3/26/24,12:50:00,3/26/24 12:50,2,"Jade_Samples,Ivy Bryan",21,3,0.4,2,0,4.58,,,,,,,,,,,Nothing_heard_calling,Spadefoot and ornate tadpoles. Water drying rapidly. 
421,2024,3/26/24,14:13:00,3/26/24 14:13,2,"Jade_Samples,Ivy Bryan",53,3,0.53,2,1,49.19,,,,,,,,,,,Nothing_heard_calling,PSORN tadpoles and RASPH tadpoles. Saw one juvenile ALMIS named “Tuesday” ~3.5ft 
422,2024,3/26/24,14:18:00,3/26/24 14:18,1,Mia_Cinello-Smith,53,3,0.53,2,1,49.19,,,,,,,,,,,Acris_gryllus,"SCHOL larvae, thousands 

BABY GATOR

BIG TURTLE"
423,2024,3/26/24,14:54:00,3/26/24 14:54,2,"Jade_Samples,Ivy Bryan",51,3,0.84,2,3,21.36,Rana Sphenocephala,1,,,,,,,,,Acris_gryllus,Saw PSORN tadpole and AMTIG larva 
424,2024,3/26/24,14:55:00,3/26/24 14:55,1,Mia_Cinello-Smith,51,3,0.84,2,3,21.36,Rana Sphenocephala,2,,,,,,,,,Acris_gryllus,"Adult ACGRY

TONS of Ranid tadpoles"
425,2024,3/26/24,15:25:00,3/26/24 15:25,2,"Jade_Samples,Ivy Bryan",55,3,0.44,2,2,16.32,,,,,,,,,,,Nothing_heard_calling,1 PSORN tadpole 
426,2024,3/26/24,15:26:00,3/26/24 15:26,1,Mia_Cinello-Smith,55,3,0.44,2,3,16.32,,,,,,,,,,,Nothing_heard_calling,AMTIG larvae
427,2024,3/26/24,16:46:00,3/26/24 16:46,2,"Jade_Samples,Ivy Bryan",42,3,0.42,2,3,14.48,,,,,,,,,,,Acris_gryllus,Saw RASPH and PSORN Tadpoles 
428,2024,3/26/24,17:04:00,3/26/24 17:04,1,Mia_Cinello-Smith,42,3,0.42,2,3,14.48,,,,,,,,,,,Acris_gryllus,"Psorn tadpole

Dysticid "
429,2024,3/26/24,17:23:00,3/26/24 17:23,1,Mia_Cinello-Smith,46,3,0.75,2,3,7.51,,,,,,,,,,,Acris_gryllus,Psorn tadpole
430,2024,3/26/24,17:23:00,3/26/24 17:23,2,"Jade_Samples,Ivy Bryan",46,3,0.75,2,0,7.51,,,,,,,,,,,Acris_gryllus,Windy. Making it hard to see 
431,2024,3/26/24,17:38:00,3/26/24 17:38,1,Mia_Cinello-Smith,49,3,0.85,2,2,5.47,,,,,,,,,,,Nothing_heard_calling,NA
432,2024,3/26/24,17:38:00,3/26/24 17:38,2,"Jade_Samples,Ivy Bryan",49,3,0.85,2,2,5.47,Rana Sphenocephala,1,,,,,,,,,Nothing_heard_calling,Saw 1 AMTIG larva? Super windy 
433,2024,3/26/24,17:59:00,3/26/24 17:59,1,Mia_Cinello-Smith,50,3,0.7,2,3,9.39,,,,,,,,,,,Acris_gryllus,NA
434,2024,3/26/24,17:59:00,3/26/24 17:59,2,"Jade_Samples,Ivy Bryan",50,3,0.7,4,0,9.31,,,,,,,,,,,Acris_gryllus,WINDY 
435,2024,3/28/24,12:34:00,3/28/24 12:34,2,"Jade_Samples,Mia_Cinello-Smith",15,1,0.32,0,0,3.43,,,,,,,,,,,Nothing_heard_calling,NA
436,2024,3/28/24,12:47:00,3/28/24 12:47,2,"Jade_Samples,Mia_Cinello-Smith",21,1,0.46,0,0,5.25,,,,,,,,,,,Nothing_heard_calling,Lots of SCHOL tadpoles and a few PSORN tadpoles. 
437,2024,3/28/24,14:11:00,3/28/24 14:11,2,"Jade_Samples,Mia_Cinello-Smith",53,1,0.59,0,0,54.07,,,,,,,,,,,Acris_gryllus,"PNSIG, SCHOL, PSORN, RASPH larvae "
438,2024,3/28/24,14:47:00,3/28/24 14:47,2,"Jade_Samples,Mia_Cinello-Smith",55,1,0.48,0,1,17.09,,,,,,,,,,,"Pseudacris_nigrita,Acris_gryllus","PSORN, PSNIG, AMTIG, AMTAL larvae "
439,2024,3/28/24,15:37:00,3/28/24 15:37,2,"Jade_Samples,Mia_Cinello-Smith",51,1,0.9,0,0,38.01,,,,,,,,,,,Acris_gryllus,"4 ACGRY adults. PSORN, ANTER tadpoles. One old RASPH egg mass "
440,2024,3/28/24,17:01:00,3/28/24 17:01,1,Jade_Samples,42,1,0.6,0,3,27.31,,,,,,,,,,,Acris_gryllus,"PSNIG, PSORN, RASPH tadpoles. New pig damage "
441,2024,3/28/24,17:30:00,3/28/24 17:30,1,Jade_Samples,46,1,0.82,0,0,26.56,,,,,,,,,,,Acris_gryllus,"PSNIG, RASPH, PSORN tadpoles. Water filling 80% of basin in a few inches of water "
442,2024,3/28/24,17:55:00,3/28/24 17:55,1,Jade_Samples,49,1,0.96,0,2,8.24,,,,,,,,,,,Nothing_heard_calling,Saw small RASPH tadpoles 
443,2024,3/28/24,18:25:00,3/28/24 18:25,1,Jade_Samples,50,1,0.78,0,0,21.19,,,,,,,,,,,"Acris_gryllus,Rana_sphenocephalus",Adult RAPSH. Depth might be wrong. Can’t exactly recall 
444,2024,4/2/24,12:33:00,4/2/24 12:33,2,"Jade_Samples,Mia_Cinello-Smith",15,5,0.07,2,0,0.3,,,,,,,,,,,Nothing_heard_calling,No tadpoles seen. RIP. ARD battery 100%
445,2024,4/2/24,12:55:00,4/2/24 12:55,2,"Jade_Samples,Mia_Cinello-Smith",21,5,0.4,3,0,8.01,,,,,,,,,,,Nothing_heard_calling,Hundreds of SCHOL froglets! 
446,2024,4/2/24,14:16:00,4/2/24 14:16,2,"Jade_Samples,Mia_Cinello-Smith",53,5,0.56,2,0,56.53,Gastrophryne carolinensis,1,Anaxyrus terrestris,22,,,,,,,Acris_gryllus,Saw crawfish. Pig hair in water. Most eggs on west side of wetland. PSORN larvae and dead crow 
447,2024,4/2/24,15:08:00,4/2/24 15:08,2,"Jade_Samples,Mia_Cinello-Smith",51,5,0.86,2,3,36.4,,,,,,,,,,,Acris_gryllus,Saw snake shed. Saw PSORN and ANTER tadpoles. 1 adult ACGRY and pig fur 
448,2024,4/2/24,17:19:00,4/2/24 17:19,2,"Jade_Samples,Mia_Cinello-Smith",46,5,0.77,2,3,15.11,,,,,,,,,,,Acris_gryllus,"PSORN tadpole, Adult ACGRY, adult NEFAS. Weird brown gfilm on water surface. Algae?"
449,2024,4/2/24,17:38:00,4/2/24 17:38,2,"Jade_Samples,Mia_Cinello-Smith",49,5,0.87,2,2,9.53,Rana Sphenocephala,1,,,,,,,,,Nothing_heard_calling,RASPH egg mass a couple days old. 1 hatchling DERET. 
450,2024,4/2/24,18:04:00,4/2/24 18:04,2,"Jade_Samples,Mia_Cinello-Smith",50,5,0.71,2,0,13.05,,,,,,,,,,,Nothing_heard_calling,1 PSORN tadpole. Mia may have seen HYFEM tadpole! 
451,2024,4/3/24,19:52:00,4/3/24 19:52,2,"Jade_Samples,Mia_Cinello-Smith",55,0,0.49,1,0,29.28,,,,,,,,,,,"Acris_gryllus,Pseudacris_nigrita,Gastrophryne_carolinesis","1 RASPH tadpole, PSORN tadpole. Some kind of Ambystoma larvae"
452,2024,4/4/24,12:34:00,4/4/24 12:34,2,"Jade_Samples,Mia_Cinello-Smith",15,1,0.62,0,1,5.52,,,,,,,,,,,Nothing_heard_calling,Water back up to the stage
453,2024,4/4/24,12:57:00,4/4/24 12:57,3,"Jade_Samples,Mia_Cinello-Smith,John_Maerz",21,1,0.48,0,0,5.09,,,,,,,,,,,Nothing_heard_calling,SCHOL tadpoles and froglets 
454,2024,4/4/24,14:13:00,4/4/24 14:13,2,"Jade_Samples,Mia_Cinello-Smith",53,1,0.6,0,0,56.45,,,,,,,,,,,Acris_gryllus,"RASPH, PSORN, ANTER tadpoles. 1 PSORN froglet "
455,2024,4/4/24,15:10:00,4/4/24 15:10,2,"Jade_Samples,Mia_Cinello-Smith",51,1,0.91,0,3,42.34,,,,,,,,,,,Acris_gryllus,"ANTER, RASPH tadpoles. Saw AMBYSTOMA larva. Found GACAR under log "
456,2024,4/4/24,17:14:00,4/4/24 17:14,2,"Jade_Samples,Mia_Cinello-Smith",42,1,0.62,0,3,26.11,Rana Sphenocephala,1,,,,,,,,,Acris_gryllus,"PSORN, PSNIG, RANID tadpoles. Couldn’t catch ranids. Too fast. Saw 3 adult ACGRY "
457,2024,4/4/24,17:45:00,4/4/24 17:45,2,"Jade_Samples,Mia_Cinello-Smith",46,1,0.81,0,3,21.16,,,,,,,,,,,"Acris_gryllus,Pseudacris_nigrita",PSORN tadpoles. 2 adult ACGRY. Basin is 50% full
458,2024,4/4/24,18:07:00,4/4/24 18:07,2,"Jade_Samples,Mia_Cinello-Smith",49,1,0.96,0,2,11.53,,,,,,,,,,,Nothing_heard_calling,Nothing
459,2024,4/4/24,18:27:00,4/4/24 18:27,2,"Jade_Samples,Mia_Cinello-Smith",50,1,0.78,0,0,13.38,,,,,,,,,,,"Acris_gryllus,Pseudacris_nigrita","PSORN, PSNIG tadpoles"
460,2024,4/4/24,19:04:00,4/4/24 19:04,2,"Jade_Samples,Mia_Cinello-Smith",55,1,0.49,0,1,26.19,,,,,,,,,,,Acris_gryllus,"PSORN, RASPH, AMTIG larva. 1 NEFAS"
461,2024,4/9/24,12:43:00,4/9/24 12:43,2,"Jade_Samples,Mia_Cinello-Smith",15,10,0.35,2,0,4.37,,,,,,,,,,,Nothing_heard_calling,No tadpoles. Just lots and lots of mosquito larvae 
462,2024,4/9/24,13:08:00,4/9/24 13:08,2,"Jade_Samples,Mia_Cinello-Smith",21,10,0.39,2,0,7.32,,,,,,,,,,,Nothing_heard_calling,Hundreds of SCHOL froglets
463,2024,4/9/24,14:35:00,4/9/24 14:35,2,"Jade_Samples,Mia_Cinello-Smith",10,10,0.58,2,0,61.06,Rana Sphenocephala,1,Gastrophryne carolinensis,6,,,,,,,Acris_gryllus,"3 adult ACGRY, ANTER, RASPH, PSORN tadpoles. 1 adult nerodia. One mystery salamander larva. Couldn’t get hands on it. Possible PSSTR"
464,2024,4/9/24,15:24:00,4/9/24 15:24,2,"Jade_Samples,Mia_Cinello-Smith",51,10,0.88,1,0,28.18,,,,,,,,,,,Acris_gryllus,"Saw 1 adult ACGRY, saw thousands of ANTER tadpoles "
465,2024,4/9/24,17:10:00,4/9/24 17:10,2,"Jade_Samples,Mia_Cinello-Smith",55,10,0.44,2,0,20.17,,,,,,,,,,,Acris_gryllus,Saw a swamp rabbit 
466,2024,4/9/24,17:32:00,4/9/24 17:32,2,"Jade_Samples,Mia_Cinello-Smith",50,10,0.72,2,0,10.56,,,,,,,,,,,Acris_gryllus,RANA spp. tadpoles glimpsed. 
467,2024,4/9/24,17:51:00,4/9/24 17:51,2,"Jade_Samples,Mia_Cinello-Smith",49,10,0.83,2,2,6.59,,,,,,,,,,,Nothing_heard_calling,2 juvenile NEFAS. 3 juvenile DERET.
468,2024,4/9/24,18:15:00,4/9/24 18:15,2,"Jade_Samples,Mia_Cinello-Smith",46,10,0.76,2,0,13.25,,,,,,,,,,,Acris_gryllus,Nothing else observed. 
469,2024,4/9/24,18:43:00,4/9/24 18:43,2,"Jade_Samples,Mia_Cinello-Smith",42,10,0.59,2,0,21.34,,,,,,,,,,,Acris_gryllus,"Saw snake shed. Saw 4 adult ACGRY, Rana tadpoles, PSNIG tadpoles   "
470,2024,4/11/24,13:28:00,4/11/24 13:28,2,"Jade_Samples,Mia_Cinello-Smith",51,0,1.12,1,0,45,,,,,,,,,,,"Acris_gryllus,Hyla_gratiosa,Rana_sphenocephalus",Saw ANTER. 1 adult NEFAS 
471,2024,4/11/24,14:29:00,4/11/24 14:29,2,"Mia_Cinello-Smith,Jade_Samples",53,0,0.84,1,1,45,Rana Sphenocephala,1,,,,,,,,,"Rana_sphenocephalus,Acris_gryllus,Anaxyrus_terrestris,Hyla_chrysoscelis,Scaphiopus_holbrookii,Rana_grylio","ANTER, RASPH, PSORN, PSNIG tadpoles. Saw a crawfish. "
472,2024,4/11/24,15:47:00,4/11/24 15:47,2,"Jade_Samples,Mia_Cinello-Smith",55,0,0.68,1,1,45,Anaxyrus terrestris,30,Scaphiopus holbrookii,15,Genus Hyla,1,,,,,"Anaxyrus_terrestris,Acris_gryllus,Rana_sphenocephalus,Hyla_gratiosa","Saw 1 adult HYGRA, 7 pairs of amplexing ANTER. Psorn, PSNIG, ranid tadpoles. 2 BIG AMTIG larva. "
473,2024,4/11/24,17:59:00,4/11/24 17:59,2,"Jade_Samples,Mia_Cinello-Smith",15,0,1.3,1,2,45,Scaphiopus holbrookii,401,Anaxyrus terrestris,2,Genus Hyla,1,,,,,"Acris_gryllus,Pseudacris_nigrita,Hyla_squirella,Pseudacris_ornata",SO windy. Saw adult ANTER and SCHOL
474,2024,4/11/24,18:32:00,4/11/24 18:32,2,"Jade_Samples,Mia_Cinello-Smith",21,0,0.92,1,2,20.25,Rana Sphenocephala,424,,,,,,,,,"Acris_gryllus,Pseudacris_ornata",Saw adult southern toad. SCHOL tadpoles a live but also 3 dead. Mia saw an unknown turtle 
,,,,,,,,,,,,,,,,,,,,,,,,
,,,,,,,,,,,,,,,,,,,,,,,,
,,,,,,,,,,,,,,,,,,,,,,,,
,,,,,,,,,,,,,,,,,,,,,,,,
,,,,,,,,,,,,,,,,,,,,,,,,
,,,,,,,,,,,,,,,,,,,,,,,,
,,,,,,,,,,,,,,,,,,,,,,,,