site,wetlandid,date,year,month,Detected
Jones Center Ichauway,15,2023-01-13,2023,January,0
Jones Center Ichauway,46,2023-01-13,2023,January,0
Jones Center Ichauway,47,2023-01-13,2023,January,0
Jones Center Ichauway,48,2023-01-13,2023,January,0
Jones Center Ichauway,49,2023-01-13,2023,January,0
Jones Center Ichauway,50,2023-01-13,2023,January,0
Jones Center Ichauway,51,2023-01-13,2023,January,0
Jones Center Ichauway,53,2023-01-13,2023,January,0
Jones Center Ichauway,55,2023-01-13,2023,January,0
Jones Center Ichauway,41,2023-01-15,2023,January,0
Jones Center Ichauway,40,2023-01-15,2023,January,0
Jones Center Ichauway,39,2023-01-15,2023,January,0
Jones Center Ichauway,42,2023-01-15,2023,January,0
Jones Center Ichauway,37,2023-01-15,2023,January,0
Jones Center Ichauway,15,2023-01-23,2023,January,0
Jones Center Ichauway,53,2023-01-23,2023,January,0
Jones Center Ichauway,51,2023-01-23,2023,January,0
Jones Center Ichauway,42,2023-01-23,2023,January,0
Jones Center Ichauway,46,2023-01-23,2023,January,0
Jones Center Ichauway,49,2023-01-23,2023,January,0
Jones Center Ichauway,50,2023-01-23,2023,January,0
Jones Center Ichauway,55,2023-01-23,2023,January,0
Jones Center Ichauway,15,2023-01-27,2023,January,0
Jones Center Ichauway,53,2023-01-27,2023,January,0
Jones Center Ichauway,51,2023-01-27,2023,January,0
Jones Center Ichauway,42,2023-01-27,2023,January,0
Jones Center Ichauway,46,2023-01-27,2023,January,0
Jones Center Ichauway,49,2023-01-27,2023,January,0
Jones Center Ichauway,50,2023-01-27,2023,January,0
Jones Center Ichauway,55,2023-01-27,2023,January,0
Jones Center Ichauway,15,2023-01-31,2023,January,0
Jones Center Ichauway,53,2023-01-31,2023,January,0
Jones Center Ichauway,42,2023-01-31,2023,January,0
Jones Center Ichauway,51,2023-01-31,2023,January,0
Jones Center Ichauway,51,2023-02-02,2023,February,0
Jones Center Ichauway,53,2023-02-02,2023,February,0
Jones Center Ichauway,42,2023-02-02,2023,February,0
Jones Center Ichauway,50,2023-02-02,2023,February,0
Jones Center Ichauway,55,2023-02-02,2023,February,0
Jones Center Ichauway,49,2023-02-02,2023,February,0
Jones Center Ichauway,46,2023-02-02,2023,February,0
Jones Center Ichauway,15,2023-02-02,2023,February,0
Jones Center Ichauway,49,2023-02-07,2023,February,0
Jones Center Ichauway,50,2023-02-07,2023,February,0
Jones Center Ichauway,55,2023-02-07,2023,February,0
Jones Center Ichauway,46,2023-02-07,2023,February,0
Jones Center Ichauway,42,2023-02-07,2023,February,0
Jones Center Ichauway,53,2023-02-07,2023,February,0
Jones Center Ichauway,51,2023-02-07,2023,February,0
Jones Center Ichauway,51,2023-02-14,2023,February,0
Jones Center Ichauway,42,2023-02-14,2023,February,0
Jones Center Ichauway,46,2023-02-14,2023,February,0
Jones Center Ichauway,53,2023-02-14,2023,February,0
Jones Center Ichauway,15,2023-02-14,2023,February,0
Jones Center Ichauway,50,2023-02-14,2023,February,0
Jones Center Ichauway,55,2023-02-14,2023,February,0
Jones Center Ichauway,49,2023-02-14,2023,February,0
Jones Center Ichauway,55,2023-02-16,2023,February,0
Jones Center Ichauway,50,2023-02-16,2023,February,0
Jones Center Ichauway,49,2023-02-16,2023,February,0
Jones Center Ichauway,46,2023-02-16,2023,February,0
Jones Center Ichauway,53,2023-02-16,2023,February,0
Jones Center Ichauway,42,2023-02-16,2023,February,0
Jones Center Ichauway,15,2023-02-16,2023,February,0
Jones Center Ichauway,51,2023-02-16,2023,February,0
Jones Center Ichauway,55,2023-02-21,2023,February,0
Jones Center Ichauway,50,2023-02-21,2023,February,0
Jones Center Ichauway,49,2023-02-21,2023,February,0
Jones Center Ichauway,46,2023-02-21,2023,February,0
Jones Center Ichauway,42,2023-02-21,2023,February,0
Jones Center Ichauway,15,2023-02-21,2023,February,0
Jones Center Ichauway,53,2023-02-21,2023,February,0
Jones Center Ichauway,51,2023-02-21,2023,February,0
Jones Center Ichauway,53,2023-02-23,2023,February,0
Jones Center Ichauway,15,2023-02-23,2023,February,0
Jones Center Ichauway,42,2023-02-23,2023,February,0
Jones Center Ichauway,51,2023-02-23,2023,February,0
Jones Center Ichauway,46,2023-02-24,2023,February,0
Jones Center Ichauway,49,2023-02-24,2023,February,0
Jones Center Ichauway,50,2023-02-24,2023,February,0
Jones Center Ichauway,55,2023-02-24,2023,February,0
Jones Center Ichauway,55,2023-02-28,2023,February,0
Jones Center Ichauway,50,2023-02-28,2023,February,0
Jones Center Ichauway,49,2023-02-28,2023,February,0
Jones Center Ichauway,46,2023-02-28,2023,February,0
Jones Center Ichauway,53,2023-02-28,2023,February,0
Jones Center Ichauway,15,2023-02-28,2023,February,0
Jones Center Ichauway,51,2023-02-28,2023,February,0
Jones Center Ichauway,42,2023-02-28,2023,February,0
Jones Center Ichauway,53,2023-03-02,2023,March,0
Jones Center Ichauway,51,2023-03-02,2023,March,0
Jones Center Ichauway,55,2023-03-02,2023,March,0
Jones Center Ichauway,50,2023-03-02,2023,March,0
Jones Center Ichauway,49,2023-03-02,2023,March,0
Jones Center Ichauway,46,2023-03-02,2023,March,0
Jones Center Ichauway,42,2023-03-02,2023,March,0
Jones Center Ichauway,55,2023-03-07,2023,March,0
Jones Center Ichauway,50,2023-03-07,2023,March,0
Jones Center Ichauway,49,2023-03-07,2023,March,0
Jones Center Ichauway,46,2023-03-07,2023,March,0
Jones Center Ichauway,42,2023-03-07,2023,March,0
Jones Center Ichauway,53,2023-03-07,2023,March,0
Jones Center Ichauway,51,2023-03-07,2023,March,0
Jones Center Ichauway,53,2023-03-09,2023,March,0
Jones Center Ichauway,51,2023-03-09,2023,March,0
Jones Center Ichauway,55,2023-03-09,2023,March,0
Jones Center Ichauway,50,2023-03-09,2023,March,0
Jones Center Ichauway,49,2023-03-09,2023,March,0
Jones Center Ichauway,46,2023-03-09,2023,March,0
Jones Center Ichauway,42,2023-03-09,2023,March,0
Jones Center Ichauway,53,2023-03-14,2023,March,0
Jones Center Ichauway,51,2023-03-14,2023,March,0
Jones Center Ichauway,55,2023-03-14,2023,March,0
Jones Center Ichauway,50,2023-03-14,2023,March,0
Jones Center Ichauway,49,2023-03-14,2023,March,0
Jones Center Ichauway,46,2023-03-14,2023,March,0
Jones Center Ichauway,42,2023-03-14,2023,March,0
Jones Center Ichauway,53,2023-03-16,2023,March,0
Jones Center Ichauway,51,2023-03-16,2023,March,0
Jones Center Ichauway,55,2023-03-16,2023,March,0
Jones Center Ichauway,50,2023-03-16,2023,March,0
Jones Center Ichauway,49,2023-03-16,2023,March,0
Jones Center Ichauway,46,2023-03-16,2023,March,0
Jones Center Ichauway,42,2023-03-16,2023,March,0
Jones Center Ichauway,53,2023-03-21,2023,March,0
Jones Center Ichauway,51,2023-03-21,2023,March,0
Jones Center Ichauway,55,2023-03-21,2023,March,0
Jones Center Ichauway,50,2023-03-21,2023,March,0
Jones Center Ichauway,49,2023-03-21,2023,March,0
Jones Center Ichauway,46,2023-03-21,2023,March,0
Jones Center Ichauway,42,2023-03-21,2023,March,0
Jones Center Ichauway,46,2023-03-23,2023,March,0
Jones Center Ichauway,49,2023-03-23,2023,March,0
Jones Center Ichauway,51,2023-03-23,2023,March,0
Jones Center Ichauway,53,2023-03-23,2023,March,0
Jones Center Ichauway,55,2023-03-23,2023,March,0
Jones Center Ichauway,50,2023-03-23,2023,March,0
Jones Center Ichauway,42,2023-03-23,2023,March,0
Jones Center Ichauway,51,2023-03-29,2023,March,0
Jones Center Ichauway,53,2023-03-29,2023,March,0
Jones Center Ichauway,55,2023-03-29,2023,March,0
Jones Center Ichauway,50,2023-03-29,2023,March,0
Jones Center Ichauway,49,2023-03-29,2023,March,0
Jones Center Ichauway,46,2023-03-29,2023,March,0
Jones Center Ichauway,42,2023-03-29,2023,March,0
Jones Center Ichauway,15,2023-03-29,2023,March,0
Jones Center Ichauway,53,2023-03-30,2023,March,0
Jones Center Ichauway,51,2023-03-30,2023,March,0
Jones Center Ichauway,55,2023-03-30,2023,March,0
Jones Center Ichauway,50,2023-03-30,2023,March,0
Jones Center Ichauway,49,2023-03-30,2023,March,0
Jones Center Ichauway,46,2023-03-30,2023,March,0
Jones Center Ichauway,42,2023-03-30,2023,March,0
Jones Center Ichauway,15,2023-04-04,2023,April,0
Jones Center Ichauway,53,2023-04-04,2023,April,0
Jones Center Ichauway,51,2023-04-04,2023,April,0
Jones Center Ichauway,55,2023-04-04,2023,April,0
Jones Center Ichauway,50,2023-04-04,2023,April,0
Jones Center Ichauway,49,2023-04-04,2023,April,0
Jones Center Ichauway,46,2023-04-04,2023,April,0
Jones Center Ichauway,42,2023-04-04,2023,April,0
Jones Center Ichauway,15,2023-04-06,2023,April,0
Jones Center Ichauway,53,2023-04-06,2023,April,0
Jones Center Ichauway,51,2023-04-06,2023,April,0
Jones Center Ichauway,50,2023-04-06,2023,April,0
Jones Center Ichauway,55,2023-04-06,2023,April,0
Jones Center Ichauway,49,2023-04-06,2023,April,0
Jones Center Ichauway,46,2023-04-06,2023,April,0
Jones Center Ichauway,42,2023-04-06,2023,April,0
Jones Center Ichauway,53,2023-04-11,2023,April,0
Jones Center Ichauway,51,2023-04-11,2023,April,0
Jones Center Ichauway,55,2023-04-11,2023,April,0
Jones Center Ichauway,50,2023-04-11,2023,April,0
Jones Center Ichauway,49,2023-04-11,2023,April,0
Jones Center Ichauway,46,2023-04-11,2023,April,0
Jones Center Ichauway,42,2023-04-11,2023,April,0
Jones Center Ichauway,53,2023-04-13,2023,April,0
Jones Center Ichauway,42,2023-04-13,2023,April,0
Jones Center Ichauway,46,2023-04-13,2023,April,0
Jones Center Ichauway,49,2023-04-13,2023,April,0
Jones Center Ichauway,50,2023-04-13,2023,April,0
Jones Center Ichauway,51,2023-04-13,2023,April,0
Jones Center Ichauway,55,2023-04-13,2023,April,0
Jones Center Ichauway,53,2023-04-18,2023,April,0
Jones Center Ichauway,51,2023-04-18,2023,April,0
Jones Center Ichauway,55,2023-04-18,2023,April,0
Jones Center Ichauway,50,2023-04-18,2023,April,0
Jones Center Ichauway,49,2023-04-18,2023,April,0
Jones Center Ichauway,46,2023-04-18,2023,April,0
Jones Center Ichauway,42,2023-04-18,2023,April,0
Jones Center Ichauway,53,2023-04-20,2023,April,0
Jones Center Ichauway,51,2023-04-20,2023,April,0
Jones Center Ichauway,55,2023-04-20,2023,April,0
Jones Center Ichauway,50,2023-04-20,2023,April,0
Jones Center Ichauway,49,2023-04-20,2023,April,0
Jones Center Ichauway,46,2023-04-20,2023,April,0
Jones Center Ichauway,42,2023-04-20,2023,April,0
Jones Center Ichauway,51,2023-04-25,2023,April,0
Jones Center Ichauway,55,2023-04-25,2023,April,0
Jones Center Ichauway,50,2023-04-25,2023,April,0
Jones Center Ichauway,49,2023-04-25,2023,April,0
Jones Center Ichauway,46,2023-04-25,2023,April,0
Jones Center Ichauway,42,2023-04-25,2023,April,0
Jones Center Ichauway,51,2023-04-27,2023,April,0
Jones Center Ichauway,55,2023-04-27,2023,April,0
Jones Center Ichauway,50,2023-04-27,2023,April,0
Jones Center Ichauway,49,2023-04-27,2023,April,0
Jones Center Ichauway,46,2023-04-27,2023,April,0
Jones Center Ichauway,42,2023-04-27,2023,April,0
Jones Center Ichauway,42,2023-05-02,2023,May,0
Jones Center Ichauway,46,2023-05-02,2023,May,0
Jones Center Ichauway,49,2023-05-02,2023,May,0
Jones Center Ichauway,50,2023-05-02,2023,May,0
Jones Center Ichauway,55,2023-05-02,2023,May,0
Jones Center Ichauway,51,2023-05-02,2023,May,0
Jones Center Ichauway,53,2023-05-02,2023,May,0
Jones Center Ichauway,42,2023-05-04,2023,May,0
Jones Center Ichauway,46,2023-05-04,2023,May,0
Jones Center Ichauway,49,2023-05-04,2023,May,0
Jones Center Ichauway,50,2023-05-04,2023,May,0
Jones Center Ichauway,55,2023-05-04,2023,May,0
Jones Center Ichauway,51,2023-05-04,2023,May,0
Jones Center Ichauway,53,2023-05-04,2023,May,0
Jones Center Ichauway,53,2023-05-08,2023,May,0
Jones Center Ichauway,51,2023-05-08,2023,May,0
Jones Center Ichauway,55,2023-05-08,2023,May,0
Jones Center Ichauway,50,2023-05-08,2023,May,0
Jones Center Ichauway,49,2023-05-08,2023,May,0
Jones Center Ichauway,46,2023-05-08,2023,May,0
Jones Center Ichauway,42,2023-05-08,2023,May,0
Jones Center Ichauway,51,2023-05-11,2023,May,0
Jones Center Ichauway,55,2023-05-11,2023,May,0
Jones Center Ichauway,50,2023-05-11,2023,May,0
Jones Center Ichauway,49,2023-05-11,2023,May,0
Jones Center Ichauway,46,2023-05-11,2023,May,0
Jones Center Ichauway,42,2023-05-11,2023,May,0
Jones Center Ichauway,51,2023-05-16,2023,May,0
Jones Center Ichauway,55,2023-05-16,2023,May,0
Jones Center Ichauway,49,2023-05-16,2023,May,0
Jones Center Ichauway,46,2023-05-16,2023,May,0
Jones Center Ichauway,42,2023-05-16,2023,May,0
Jones Center Ichauway,51,2023-05-17,2023,May,0
Jones Center Ichauway,55,2023-05-17,2023,May,0
Jones Center Ichauway,49,2023-05-17,2023,May,0
Jones Center Ichauway,46,2023-05-17,2023,May,0
Jones Center Ichauway,53,2023-05-23,2023,May,0
Jones Center Ichauway,51,2023-05-23,2023,May,0
Jones Center Ichauway,49,2023-05-23,2023,May,0
Jones Center Ichauway,46,2023-05-23,2023,May,0
Jones Center Ichauway,42,2023-05-23,2023,May,0
Jones Center Ichauway,50,2023-05-23,2023,May,0
Jones Center Ichauway,55,2023-05-23,2023,May,0
Jones Center Ichauway,53,2023-05-25,2023,May,0
Jones Center Ichauway,51,2023-05-25,2023,May,0
Jones Center Ichauway,55,2023-05-25,2023,May,0
Jones Center Ichauway,50,2023-05-25,2023,May,0
Jones Center Ichauway,49,2023-05-25,2023,May,0
Jones Center Ichauway,46,2023-05-25,2023,May,0
Jones Center Ichauway,42,2023-05-25,2023,May,0
Jones Center Ichauway,42,2023-05-30,2023,May,0
Jones Center Ichauway,46,2023-05-30,2023,May,0
Jones Center Ichauway,49,2023-05-30,2023,May,0
Jones Center Ichauway,50,2023-05-30,2023,May,0
Jones Center Ichauway,55,2023-05-30,2023,May,0
Jones Center Ichauway,51,2023-05-30,2023,May,0
Jones Center Ichauway,53,2023-05-30,2023,May,0
Jones Center Ichauway,53,2023-05-31,2023,May,0
Jones Center Ichauway,51,2023-05-31,2023,May,0
Jones Center Ichauway,55,2023-05-31,2023,May,0
Jones Center Ichauway,50,2023-05-31,2023,May,0
Jones Center Ichauway,49,2023-05-31,2023,May,0
Jones Center Ichauway,46,2023-05-31,2023,May,0
Jones Center Ichauway,42,2023-05-31,2023,May,0
Jones Center Ichauway,53,2023-06-06,2023,June,0
Jones Center Ichauway,42,2023-06-06,2023,June,0
Jones Center Ichauway,51,2023-06-06,2023,June,0
Jones Center Ichauway,55,2023-06-06,2023,June,0
Jones Center Ichauway,49,2023-06-06,2023,June,0
Jones Center Ichauway,42,2023-06-08,2023,June,0
Jones Center Ichauway,49,2023-06-08,2023,June,0
Jones Center Ichauway,51,2023-06-08,2023,June,0
Jones Center Ichauway,55,2023-06-08,2023,June,0
Jones Center Ichauway,53,2023-06-13,2023,June,0
Jones Center Ichauway,51,2023-06-13,2023,June,0
Jones Center Ichauway,55,2023-06-13,2023,June,0
Jones Center Ichauway,49,2023-06-13,2023,June,0
Jones Center Ichauway,42,2023-06-13,2023,June,0
Jones Center Ichauway,42,2023-06-15,2023,June,0
Jones Center Ichauway,46,2023-06-15,2023,June,0
Jones Center Ichauway,49,2023-06-15,2023,June,0
Jones Center Ichauway,50,2023-06-15,2023,June,0
Jones Center Ichauway,53,2023-06-16,2023,June,0
Jones Center Ichauway,51,2023-06-16,2023,June,0
Jones Center Ichauway,55,2023-06-16,2023,June,0
Jones Center Ichauway,42,2023-06-20,2023,June,0
Jones Center Ichauway,46,2023-06-20,2023,June,0
Jones Center Ichauway,49,2023-06-20,2023,June,0
Jones Center Ichauway,50,2023-06-20,2023,June,0
Jones Center Ichauway,55,2023-06-20,2023,June,0
Jones Center Ichauway,51,2023-06-20,2023,June,0
Jones Center Ichauway,53,2023-06-20,2023,June,0
Jones Center Ichauway,53,2023-06-22,2023,June,0
Jones Center Ichauway,55,2023-06-22,2023,June,0
Jones Center Ichauway,51,2023-06-22,2023,June,0
Jones Center Ichauway,50,2023-06-22,2023,June,0
Jones Center Ichauway,49,2023-06-22,2023,June,0
Jones Center Ichauway,46,2023-06-22,2023,June,0
Jones Center Ichauway,42,2023-06-22,2023,June,0
Jones Center Ichauway,42,2023-06-27,2023,June,0
Jones Center Ichauway,46,2023-06-27,2023,June,0
Jones Center Ichauway,49,2023-06-27,2023,June,0
Jones Center Ichauway,50,2023-06-27,2023,June,0
Jones Center Ichauway,55,2023-06-27,2023,June,0
Jones Center Ichauway,51,2023-06-27,2023,June,0
Jones Center Ichauway,53,2023-06-27,2023,June,0
Jones Center Ichauway,42,2023-06-29,2023,June,0
Jones Center Ichauway,46,2023-06-29,2023,June,0
Jones Center Ichauway,49,2023-06-29,2023,June,0
Jones Center Ichauway,50,2023-06-29,2023,June,0
Jones Center Ichauway,55,2023-06-29,2023,June,0
Jones Center Ichauway,51,2023-06-29,2023,June,0
Jones Center Ichauway,53,2023-06-29,2023,June,0
Jones Center Ichauway,42,2023-07-06,2023,July,0
Jones Center Ichauway,49,2023-07-06,2023,July,0
Jones Center Ichauway,55,2023-07-06,2023,July,0
Jones Center Ichauway,51,2023-07-06,2023,July,0
Jones Center Ichauway,53,2023-07-06,2023,July,0
Jones Center Ichauway,53,2024-01-23,2024,January,0
Jones Center Ichauway,51,2024-01-23,2024,January,0
Jones Center Ichauway,41,2024-01-23,2024,January,0
Jones Center Ichauway,42,2024-01-23,2024,January,0
Jones Center Ichauway,53,2024-01-23,2024,January,0
Jones Center Ichauway,49,2024-01-23,2024,January,0
Jones Center Ichauway,50,2024-01-23,2024,January,0
Jones Center Ichauway,55,2024-01-23,2024,January,0
Jones Center Ichauway,15,2024-01-23,2024,January,0
Jones Center Ichauway,21,2024-01-23,2024,January,0
Jones Center Ichauway,15,2024-01-31,2024,January,0
Jones Center Ichauway,21,2024-01-31,2024,January,0
Jones Center Ichauway,53,2024-01-31,2024,January,0
Jones Center Ichauway,51,2024-01-31,2024,January,0
Jones Center Ichauway,42,2024-01-31,2024,January,0
Jones Center Ichauway,15,2024-02-06,2024,February,0
Jones Center Ichauway,21,2024-02-06,2024,February,0
Jones Center Ichauway,53,2024-02-06,2024,February,0
Jones Center Ichauway,53,2024-02-06,2024,February,0
Jones Center Ichauway,41,2024-02-06,2024,February,0
Jones Center Ichauway,42,2024-02-06,2024,February,0
Jones Center Ichauway,46,2024-02-06,2024,February,0
Jones Center Ichauway,49,2024-02-06,2024,February,0
Jones Center Ichauway,50,2024-02-06,2024,February,0
Jones Center Ichauway,21,2024-02-13,2024,February,0
Jones Center Ichauway,15,2024-02-13,2024,February,0
Jones Center Ichauway,53,2024-02-13,2024,February,0
Jones Center Ichauway,49,2024-02-13,2024,February,0
Jones Center Ichauway,55,2024-02-13,2024,February,0
Jones Center Ichauway,51,2024-02-13,2024,February,0
Jones Center Ichauway,50,2024-02-13,2024,February,0
Jones Center Ichauway,46,2024-02-13,2024,February,0
Jones Center Ichauway,42,2024-02-13,2024,February,1
Jones Center Ichauway,15,2024-02-15,2024,February,1
Jones Center Ichauway,49,2024-02-15,2024,February,0
Jones Center Ichauway,42,2024-02-15,2024,February,1
Jones Center Ichauway,53,2024-02-15,2024,February,0
Jones Center Ichauway,21,2024-02-15,2024,February,0
Jones Center Ichauway,15,2024-02-20,2024,February,1
Jones Center Ichauway,21,2024-02-20,2024,February,0
Jones Center Ichauway,53,2024-02-20,2024,February,0
Jones Center Ichauway,42,2024-02-20,2024,February,1
Jones Center Ichauway,51,2024-02-21,2024,February,1
Jones Center Ichauway,50,2024-02-21,2024,February,1
Jones Center Ichauway,49,2024-02-21,2024,February,1
Jones Center Ichauway,46,2024-02-21,2024,February,1
Jones Center Ichauway,55,2024-02-21,2024,February,0
Jones Center Ichauway,15,2024-02-27,2024,February,0
Jones Center Ichauway,21,2024-02-27,2024,February,0
Jones Center Ichauway,53,2024-02-27,2024,February,0
Jones Center Ichauway,51,2024-02-27,2024,February,0
Jones Center Ichauway,55,2024-02-27,2024,February,0
Jones Center Ichauway,42,2024-02-27,2024,February,0
Jones Center Ichauway,46,2024-02-27,2024,February,0
Jones Center Ichauway,49,2024-02-27,2024,February,0
Jones Center Ichauway,50,2024-02-27,2024,February,0
Jones Center Ichauway,21,2024-03-04,2024,March,0
Jones Center Ichauway,15,2024-03-04,2024,March,0
Jones Center Ichauway,51,2024-03-04,2024,March,0
Jones Center Ichauway,49,2024-03-04,2024,March,0
Jones Center Ichauway,53,2024-03-04,2024,March,0
Jones Center Ichauway,42,2024-03-04,2024,March,0
Jones Center Ichauway,46,2024-03-04,2024,March,0
Jones Center Ichauway,55,2024-03-06,2024,March,0
Jones Center Ichauway,21,2024-03-06,2024,March,0
Jones Center Ichauway,15,2024-03-06,2024,March,0
Jones Center Ichauway,53,2024-03-06,2024,March,0
Jones Center Ichauway,49,2024-03-06,2024,March,1
Jones Center Ichauway,51,2024-03-06,2024,March,0
Jones Center Ichauway,46,2024-03-06,2024,March,0
Jones Center Ichauway,42,2024-03-06,2024,March,0
Jones Center Ichauway,21,2024-03-11,2024,March,0
Jones Center Ichauway,15,2024-03-11,2024,March,0
Jones Center Ichauway,53,2024-03-11,2024,March,0
Jones Center Ichauway,49,2024-03-11,2024,March,0
Jones Center Ichauway,50,2024-03-12,2024,March,0
Jones Center Ichauway,55,2024-03-12,2024,March,0
Jones Center Ichauway,51,2024-03-12,2024,March,0
Jones Center Ichauway,46,2024-03-12,2024,March,0
Jones Center Ichauway,42,2024-03-12,2024,March,1
Jones Center Ichauway,15,2024-03-14,2024,March,0
Jones Center Ichauway,21,2024-03-14,2024,March,0
Jones Center Ichauway,42,2024-03-14,2024,March,0
Jones Center Ichauway,46,2024-03-14,2024,March,0
Jones Center Ichauway,49,2024-03-14,2024,March,0
Jones Center Ichauway,50,2024-03-14,2024,March,0
Jones Center Ichauway,55,2024-03-14,2024,March,0
Jones Center Ichauway,53,2024-03-14,2024,March,0
Jones Center Ichauway,51,2024-03-14,2024,March,0
Jones Center Ichauway,49,2024-03-21,2024,March,0
Jones Center Ichauway,46,2024-03-21,2024,March,0
Jones Center Ichauway,15,2024-03-26,2024,March,0
Jones Center Ichauway,21,2024-03-26,2024,March,0
Jones Center Ichauway,53,2024-03-26,2024,March,0
Jones Center Ichauway,53,2024-03-26,2024,March,0
Jones Center Ichauway,51,2024-03-26,2024,March,0
Jones Center Ichauway,51,2024-03-26,2024,March,0
Jones Center Ichauway,55,2024-03-26,2024,March,0
Jones Center Ichauway,55,2024-03-26,2024,March,0
Jones Center Ichauway,42,2024-03-26,2024,March,0
Jones Center Ichauway,42,2024-03-26,2024,March,0
Jones Center Ichauway,46,2024-03-26,2024,March,0
Jones Center Ichauway,46,2024-03-26,2024,March,0
Jones Center Ichauway,49,2024-03-26,2024,March,0
Jones Center Ichauway,49,2024-03-26,2024,March,0
Jones Center Ichauway,50,2024-03-26,2024,March,0
Jones Center Ichauway,50,2024-03-26,2024,March,0
Jones Center Ichauway,15,2024-03-28,2024,March,0
Jones Center Ichauway,21,2024-03-28,2024,March,0
Jones Center Ichauway,53,2024-03-28,2024,March,0
Jones Center Ichauway,55,2024-03-28,2024,March,0
Jones Center Ichauway,51,2024-03-28,2024,March,0
Jones Center Ichauway,42,2024-03-28,2024,March,0
Jones Center Ichauway,46,2024-03-28,2024,March,0
Jones Center Ichauway,49,2024-03-28,2024,March,0
Jones Center Ichauway,50,2024-03-28,2024,March,0
Jones Center Ichauway,15,2024-04-02,2024,April,0
Jones Center Ichauway,21,2024-04-02,2024,April,0
Jones Center Ichauway,53,2024-04-02,2024,April,0
Jones Center Ichauway,51,2024-04-02,2024,April,0
Jones Center Ichauway,46,2024-04-02,2024,April,0
Jones Center Ichauway,49,2024-04-02,2024,April,0
Jones Center Ichauway,50,2024-04-02,2024,April,0
Jones Center Ichauway,55,2024-04-03,2024,April,0
Jones Center Ichauway,15,2024-04-04,2024,April,0
Jones Center Ichauway,21,2024-04-04,2024,April,0
Jones Center Ichauway,53,2024-04-04,2024,April,0
Jones Center Ichauway,51,2024-04-04,2024,April,0
Jones Center Ichauway,42,2024-04-04,2024,April,0
Jones Center Ichauway,46,2024-04-04,2024,April,0
Jones Center Ichauway,49,2024-04-04,2024,April,0
Jones Center Ichauway,50,2024-04-04,2024,April,0
Jones Center Ichauway,55,2024-04-04,2024,April,0
Jones Center Ichauway,15,2024-04-09,2024,April,0
Jones Center Ichauway,21,2024-04-09,2024,April,0
Jones Center Ichauway,10,2024-04-09,2024,April,0
Jones Center Ichauway,51,2024-04-09,2024,April,0
Jones Center Ichauway,55,2024-04-09,2024,April,0
Jones Center Ichauway,50,2024-04-09,2024,April,0
Jones Center Ichauway,49,2024-04-09,2024,April,0
Jones Center Ichauway,46,2024-04-09,2024,April,0
Jones Center Ichauway,42,2024-04-09,2024,April,0
Jones Center Ichauway,51,2024-04-11,2024,April,0
Jones Center Ichauway,53,2024-04-11,2024,April,0
Jones Center Ichauway,55,2024-04-11,2024,April,0
Jones Center Ichauway,15,2024-04-11,2024,April,0
Jones Center Ichauway,21,2024-04-11,2024,April,0
Jones Center Ichauway,NA,NA,NA,NA,0
Jones Center Ichauway,NA,NA,NA,NA,0
Jones Center Ichauway,NA,NA,NA,NA,0
Jones Center Ichauway,NA,NA,NA,NA,0
Jones Center Ichauway,NA,NA,NA,NA,0
Jones Center Ichauway,NA,NA,NA,NA,0
Jones Center Ichauway,NA,NA,NA,NA,0
